/*
Navicat MySQL Data Transfer

Source Server         : ali.banixc.com_3306
Source Server Version : 50549
Source Host           : ali.banixc.com:3306
Source Database       : fsc_dev

Target Server Type    : MYSQL
Target Server Version : 50549
File Encoding         : 65001

Date: 2016-09-06 11:04:13
*/

SET FOREIGN_KEY_CHECKS=0;

-- ----------------------------
-- Table structure for access
-- ----------------------------
DROP TABLE IF EXISTS `access`;
CREATE TABLE `access` (
  `id` smallint(11) NOT NULL COMMENT '角色ID',
  `name` varchar(20) NOT NULL COMMENT '角色名称',
  `remark` varchar(255) DEFAULT NULL COMMENT '备注信息',
  PRIMARY KEY (`id`)
) ENGINE=InnoDB DEFAULT CHARSET=utf8mb4;

-- ----------------------------
-- Records of access
-- ----------------------------
INSERT INTO `access` VALUES ('1', '游客', '没有任何权限');
INSERT INTO `access` VALUES ('10', '学生', '学生的基本级别');
INSERT INTO `access` VALUES ('50', '家长', '家长的基本权限');
INSERT INTO `access` VALUES ('100', '老师', '老师的基本级别');
INSERT INTO `access` VALUES ('200', '学校领导', '学校领导的基本级别');
INSERT INTO `access` VALUES ('450', '测试用', null);
INSERT INTO `access` VALUES ('500', '信息发布员', '可以发布信息');
INSERT INTO `access` VALUES ('850', '测试用', null);
INSERT INTO `access` VALUES ('950', '测试用', null);
INSERT INTO `access` VALUES ('1000', '网站管理员', '拥有网站的管理权限');
INSERT INTO `access` VALUES ('1100', '测试用', null);
INSERT INTO `access` VALUES ('1300', '测试用', null);
INSERT INTO `access` VALUES ('3000', '超级管理员', '拥有网站的最高权限');

-- ----------------------------
-- Table structure for activity
-- ----------------------------
DROP TABLE IF EXISTS `activity`;
CREATE TABLE `activity` (
  `id` int(11) NOT NULL AUTO_INCREMENT,
  `title` varchar(40) NOT NULL,
  `description` text NOT NULL,
  `date` datetime DEFAULT NULL,
  `send_time` timestamp NULL DEFAULT NULL ON UPDATE CURRENT_TIMESTAMP,
  `sender` int(11) NOT NULL,
  PRIMARY KEY (`id`),
  KEY `sender` (`sender`) USING BTREE,
  CONSTRAINT `activity_ibfk_1` FOREIGN KEY (`sender`) REFERENCES `user` (`id`) ON DELETE CASCADE ON UPDATE CASCADE
) ENGINE=InnoDB AUTO_INCREMENT=5 DEFAULT CHARSET=utf8mb4;

-- ----------------------------
-- Records of activity
-- ----------------------------
INSERT INTO `activity` VALUES ('1', '运动会', '各位老师、各位同学：\r\n\r\n早上好！在“碧云天，黄叶地，秋色连波”的日子里，我校2016年秋季运动会就要召开了。这将是我校今年的又一次盛会。 “沙场秋点兵”的壮阔，给了我们难以言喻的激情。我们将又一次去感受脉搏与心跳的激烈。这里，你可以触摸到跳跃的青春音符，感受到燃烧的激情，体会到四射的光芒。\r\n\r\n体育工作作为学校工作的一个重要组成部分，对于师生体质的发展，对提高同学们的成绩、教师工作业绩，丰富我们的业余文化生活，活跃气氛，培养集体主义精神，培养顽强拼搏的斗志，健康积极向上的心态，都起着积极的作用。在高速发展的信息社会中，人们更加关注健康，没有一个好的身体，就不能胜任高强度、高复杂的各种工作，体质的好坏，直接影响到未来社会的发展，影响到培养人才的质量，健康的身体是生存的基本条件，是享受生活的根本保障。\r\n\r\n运动会也是检阅我校运动水平高低的一个标志，是对一个学校体育工作开展的一个评价，也是各个班级、每一个学生和教职员工展示风采的一个舞台。运动会是一个竞技场，优胜劣汰，来不得半点虚假，在同一起跑线上，你付出了多少汗水，就会获得多少回报。每一个新的高度，是一个不断挑战自我的过程，当你奋力一掷，是你蕴涵着能力的一次爆发，没有顽强的拼搏，取得不了优异的成果，没有坚定的信心，跑道上不会留下你的身影，没有平时的努力，从你的手中不会掷出最优美的弧线，没有足够的毅力，就不会有坚持到底的勇气。体育的舞台是人生大舞台的一个缩影，鲜花只会献给最优秀的选手，掌声会给胜利者和坚强毅力者以鼓舞，给失利者以安慰，高高的领奖台上，只会给那些脚踏实地，顽强拼搏、不畏艰难的人留下空间。\r\n\r\n孔子曾经说过：“过犹不及。”这是告诫人们，什么行为都别过了头。作为一名学生，主要的任务是学习，大家要注意理顺体育锻炼和学习的关系，只有合理的安排体育锻炼时间，才能取得更好的学习效果。在紧张繁重的学习生活同时，每个同学都不要忘记对自己身体的呵护，每天抽出一点时间，活动一下身体，将更有精力去完成学习任务。\r\n\r\n希望同学们在未来的几天内，充分利用业余时间，抓紧训练，争取在校运动会中取得好成绩，为班级争光。', '2016-08-22 17:55:22', '2016-08-21 19:41:17', '1');
INSERT INTO `activity` VALUES ('2', '远足', '各位老师、各位同学：\r\n\r\n早上好！在“碧云天，黄叶地，秋色连波”的日子里，我校2008年秋季运动会就要召开了。这将是我校今年的又一次盛会。 “沙场秋点兵”的壮阔，给了我们难以言喻的激情。我们将又一次去感受脉搏与心跳的激烈。这里，你可以触摸到跳跃的青春音符，感受到燃烧的激情，体会到四射的光芒。\r\n\r\n体育工作作为学校工作的一个重要组成部分，对于师生体质的发展，对提高同学们的成绩、教师工作业绩，丰富我们的业余文化生活，活跃气氛，培养集体主义精神，培养顽强拼搏的斗志，健康积极向上的心态，都起着积极的作用。在高速发展的信息社会中，人们更加关注健康，没有一个好的身体，就不能胜任高强度、高复杂的各种工作，体质的好坏，直接影响到未来社会的发展，影响到培养人才的质量，健康的身体是生存的基本条件，是享受生活的根本保障。\r\n\r\n运动会也是检阅我校运动水平高低的一个标志，是对一个学校体育工作开展的一个评价，也是各个班级、每一个学生和教职员工展示风采的一个舞台。运动会是一个竞技场，优胜劣汰，来不得半点虚假，在同一起跑线上，你付出了多少汗水，就会获得多少回报。每一个新的高度，是一个不断挑战自我的过程，当你奋力一掷，是你蕴涵着能力的一次爆发，没有顽强的拼搏，取得不了优异的成果，没有坚定的信心，跑道上不会留下你的身影，没有平时的努力，从你的手中不会掷出最优美的弧线，没有足够的毅力，就不会有坚持到底的勇气。体育的舞台是人生大舞台的一个缩影，鲜花只会献给最优秀的选手，掌声会给胜利者和坚强毅力者以鼓舞，给失利者以安慰，高高的领奖台上，只会给那些脚踏实地，顽强拼搏、不畏艰难的人留下空间。\r\n\r\n孔子曾经说过：“过犹不及。”这是告诫人们，什么行为都别过了头。作为一名学生，主要的任务是学习，大家要注意理顺体育锻炼和学习的关系，只有合理的安排体育锻炼时间，才能取得更好的学习效果。在紧张繁重的学习生活同时，每个同学都不要忘记对自己身体的呵护，每天抽出一点时间，活动一下身体，将更有精力去完成学习任务。\r\n\r\n希望同学们在未来的几天内，充分利用业余时间，抓紧训练，争取在校运动会中取得好成绩，为班级争光。', '2016-10-21 17:57:16', '2016-08-21 19:41:18', '1');
INSERT INTO `activity` VALUES ('3', '元旦晚会', '各位老师、各位同学：\r\n\r\n早上好！在“碧云天，黄叶地，秋色连波”的日子里，我校2008年秋季运动会就要召开了。这将是我校今年的又一次盛会。 “沙场秋点兵”的壮阔，给了我们难以言喻的激情。我们将又一次去感受脉搏与心跳的激烈。这里，你可以触摸到跳跃的青春音符，感受到燃烧的激情，体会到四射的光芒。\r\n\r\n体育工作作为学校工作的一个重要组成部分，对于师生体质的发展，对提高同学们的成绩、教师工作业绩，丰富我们的业余文化生活，活跃气氛，培养集体主义精神，培养顽强拼搏的斗志，健康积极向上的心态，都起着积极的作用。在高速发展的信息社会中，人们更加关注健康，没有一个好的身体，就不能胜任高强度、高复杂的各种工作，体质的好坏，直接影响到未来社会的发展，影响到培养人才的质量，健康的身体是生存的基本条件，是享受生活的根本保障。\r\n\r\n运动会也是检阅我校运动水平高低的一个标志，是对一个学校体育工作开展的一个评价，也是各个班级、每一个学生和教职员工展示风采的一个舞台。运动会是一个竞技场，优胜劣汰，来不得半点虚假，在同一起跑线上，你付出了多少汗水，就会获得多少回报。每一个新的高度，是一个不断挑战自我的过程，当你奋力一掷，是你蕴涵着能力的一次爆发，没有顽强的拼搏，取得不了优异的成果，没有坚定的信心，跑道上不会留下你的身影，没有平时的努力，从你的手中不会掷出最优美的弧线，没有足够的毅力，就不会有坚持到底的勇气。体育的舞台是人生大舞台的一个缩影，鲜花只会献给最优秀的选手，掌声会给胜利者和坚强毅力者以鼓舞，给失利者以安慰，高高的领奖台上，只会给那些脚踏实地，顽强拼搏、不畏艰难的人留下空间。\r\n\r\n孔子曾经说过：“过犹不及。”这是告诫人们，什么行为都别过了头。作为一名学生，主要的任务是学习，大家要注意理顺体育锻炼和学习的关系，只有合理的安排体育锻炼时间，才能取得更好的学习效果。在紧张繁重的学习生活同时，每个同学都不要忘记对自己身体的呵护，每天抽出一点时间，活动一下身体，将更有精力去完成学习任务。\r\n\r\n希望同学们在未来的几天内，充分利用业余时间，抓紧训练，争取在校运动会中取得好成绩，为班级争光。', '2017-01-01 17:58:01', '2016-08-21 19:41:19', '1');
INSERT INTO `activity` VALUES ('4', '第七届XXX备英语竞赛', '各位老师、各位同学：\r\n\r\n早上好！在“碧云天，黄叶地，秋色连波”的日子里，我校2008年秋季运动会就要召开了。这将是我校今年的又一次盛会。 “沙场秋点兵”的壮阔，给了我们难以言喻的激情。我们将又一次去感受脉搏与心跳的激烈。这里，你可以触摸到跳跃的青春音符，感受到燃烧的激情，体会到四射的光芒。\r\n\r\n体育工作作为学校工作的一个重要组成部分，对于师生体质的发展，对提高同学们的成绩、教师工作业绩，丰富我们的业余文化生活，活跃气氛，培养集体主义精神，培养顽强拼搏的斗志，健康积极向上的心态，都起着积极的作用。在高速发展的信息社会中，人们更加关注健康，没有一个好的身体，就不能胜任高强度、高复杂的各种工作，体质的好坏，直接影响到未来社会的发展，影响到培养人才的质量，健康的身体是生存的基本条件，是享受生活的根本保障。\r\n\r\n运动会也是检阅我校运动水平高低的一个标志，是对一个学校体育工作开展的一个评价，也是各个班级、每一个学生和教职员工展示风采的一个舞台。运动会是一个竞技场，优胜劣汰，来不得半点虚假，在同一起跑线上，你付出了多少汗水，就会获得多少回报。每一个新的高度，是一个不断挑战自我的过程，当你奋力一掷，是你蕴涵着能力的一次爆发，没有顽强的拼搏，取得不了优异的成果，没有坚定的信心，跑道上不会留下你的身影，没有平时的努力，从你的手中不会掷出最优美的弧线，没有足够的毅力，就不会有坚持到底的勇气。体育的舞台是人生大舞台的一个缩影，鲜花只会献给最优秀的选手，掌声会给胜利者和坚强毅力者以鼓舞，给失利者以安慰，高高的领奖台上，只会给那些脚踏实地，顽强拼搏、不畏艰难的人留下空间。\r\n\r\n孔子曾经说过：“过犹不及。”这是告诫人们，什么行为都别过了头。作为一名学生，主要的任务是学习，大家要注意理顺体育锻炼和学习的关系，只有合理的安排体育锻炼时间，才能取得更好的学习效果。在紧张繁重的学习生活同时，每个同学都不要忘记对自己身体的呵护，每天抽出一点时间，活动一下身体，将更有精力去完成学习任务。\r\n\r\n希望同学们在未来的几天内，充分利用业余时间，抓紧训练，争取在校运动会中取得好成绩，为班级争光。', '2016-09-24 17:59:03', '2016-08-21 19:41:21', '1');

-- ----------------------------
-- Table structure for award
-- ----------------------------
DROP TABLE IF EXISTS `award`;
CREATE TABLE `award` (
  `id` int(11) NOT NULL AUTO_INCREMENT,
  `name` varchar(255) NOT NULL,
  `description` varchar(255) NOT NULL,
  `date` datetime NOT NULL,
  `remark` varchar(255) DEFAULT NULL,
  `award_type` smallint(6) NOT NULL,
  PRIMARY KEY (`id`),
  KEY `award_type` (`award_type`),
  CONSTRAINT `award_ibfk_1` FOREIGN KEY (`award_type`) REFERENCES `award_type` (`id`) ON DELETE CASCADE ON UPDATE CASCADE
) ENGINE=InnoDB AUTO_INCREMENT=10 DEFAULT CHARSET=utf8mb4;

-- ----------------------------
-- Records of award
-- ----------------------------
INSERT INTO `award` VALUES ('1', '见义勇为', '该同学在XXX时间地点事件见义勇为，表现出了当代学生应用大无畏的党国精神........', '2016-08-12 16:50:48', '', '3');
INSERT INTO `award` VALUES ('2', '三好学生', '该同学在本学期成绩优异，表现良好，经一致同意授予某某某三好学生荣誉', '2016-08-12 16:50:48', null, '5');
INSERT INTO `award` VALUES ('5', '优秀班干部', '该同学在本学年中作为啥啥啥班干部为班级呕心沥血作出了历史性的贡献，现授予谁谁谁优秀班干部荣誉勋章................................', '2016-08-12 16:50:48', null, '5');
INSERT INTO `award` VALUES ('6', '优秀团员', '该同学在此学年表现良好，作为党员做好了表率，经决议，现授予谁谁谁优秀团员表彰', '2016-08-12 16:50:48', null, '4');
INSERT INTO `award` VALUES ('7', '校英语口语大赛一等奖', '该同学在第几届XXX杯校园英语口语大赛中成绩优异，获得第一名，特此奖励以资鼓励', '2016-08-14 15:28:24', null, '4');
INSERT INTO `award` VALUES ('8', '省英语竞赛一等奖', '该同学在第几届XXX省X杯英语口语大赛中成绩优异，获得第一名，特此奖励以资鼓励', '2016-08-14 15:28:53', null, '2');
INSERT INTO `award` VALUES ('9', '全国物理竞赛一等奖', '该同学在第几届XXX杯全国物理竞赛中成绩优异，获得第一名，特此奖励以示鼓励', '2016-08-14 15:29:15', null, '1');

-- ----------------------------
-- Table structure for award_type
-- ----------------------------
DROP TABLE IF EXISTS `award_type`;
CREATE TABLE `award_type` (
  `id` smallint(6) NOT NULL,
  `name` varchar(255) NOT NULL,
  PRIMARY KEY (`id`)
) ENGINE=InnoDB DEFAULT CHARSET=utf8mb4;

-- ----------------------------
-- Records of award_type
-- ----------------------------
INSERT INTO `award_type` VALUES ('1', '国家奖励');
INSERT INTO `award_type` VALUES ('2', '省级奖励');
INSERT INTO `award_type` VALUES ('3', '市级奖励');
INSERT INTO `award_type` VALUES ('4', '校级奖励');
INSERT INTO `award_type` VALUES ('5', '班级奖励');

-- ----------------------------
-- Table structure for class
-- ----------------------------
DROP TABLE IF EXISTS `class`;
CREATE TABLE `class` (
  `id` int(11) NOT NULL AUTO_INCREMENT,
  `name` varchar(255) NOT NULL,
  `status` tinyint(1) NOT NULL DEFAULT '1',
  `date` timestamp NOT NULL DEFAULT CURRENT_TIMESTAMP,
  `grade` smallint(6) NOT NULL,
  `leader` int(11) DEFAULT NULL,
  PRIMARY KEY (`id`),
  KEY `leader` (`leader`),
  CONSTRAINT `class_ibfk_1` FOREIGN KEY (`leader`) REFERENCES `user` (`id`) ON DELETE CASCADE ON UPDATE CASCADE
) ENGINE=InnoDB AUTO_INCREMENT=18 DEFAULT CHARSET=utf8mb4;

-- ----------------------------
-- Records of class
-- ----------------------------
INSERT INTO `class` VALUES ('1', '一班', '1', '2016-08-05 20:40:59', '3', '77');
INSERT INTO `class` VALUES ('5', '五班', '1', '2016-08-14 15:36:38', '3', '77');
INSERT INTO `class` VALUES ('10', '十班', '1', '2016-08-23 21:00:57', '3', '82');
INSERT INTO `class` VALUES ('11', '三班', '1', '2016-08-23 22:05:51', '3', '77');
INSERT INTO `class` VALUES ('12', '四班', '1', '2016-08-23 22:06:03', '3', '77');
INSERT INTO `class` VALUES ('13', '六班', '1', '2016-08-23 22:06:16', '3', '77');
INSERT INTO `class` VALUES ('14', '三年级十班', '1', '2016-08-25 09:49:53', '10', '1');
INSERT INTO `class` VALUES ('15', '三年级2十班', '1', '2016-08-25 09:49:53', '10', '89');
INSERT INTO `class` VALUES ('16', '三年级十班', '1', '2016-08-25 09:50:05', '10', '1');
INSERT INTO `class` VALUES ('17', '三年级2十班', '1', '2016-08-25 09:50:05', '10', '89');

-- ----------------------------
-- Table structure for class_activity
-- ----------------------------
DROP TABLE IF EXISTS `class_activity`;
CREATE TABLE `class_activity` (
  `class_id` int(11) NOT NULL,
  `activity_id` int(11) NOT NULL,
  PRIMARY KEY (`class_id`,`activity_id`),
  KEY `class_activity_ibfk_2` (`activity_id`),
  CONSTRAINT `class_activity_ibfk_1` FOREIGN KEY (`class_id`) REFERENCES `class` (`id`) ON DELETE CASCADE ON UPDATE CASCADE,
  CONSTRAINT `class_activity_ibfk_2` FOREIGN KEY (`activity_id`) REFERENCES `activity` (`id`) ON DELETE CASCADE ON UPDATE CASCADE
) ENGINE=InnoDB DEFAULT CHARSET=utf8mb4;

-- ----------------------------
-- Records of class_activity
-- ----------------------------
INSERT INTO `class_activity` VALUES ('5', '1');
INSERT INTO `class_activity` VALUES ('5', '2');
INSERT INTO `class_activity` VALUES ('5', '3');
INSERT INTO `class_activity` VALUES ('5', '4');

-- ----------------------------
-- Table structure for course
-- ----------------------------
DROP TABLE IF EXISTS `course`;
CREATE TABLE `course` (
  `id` int(11) NOT NULL AUTO_INCREMENT,
  `name` varchar(50) NOT NULL,
  `remark` varchar(255) NOT NULL,
  PRIMARY KEY (`id`)
) ENGINE=InnoDB AUTO_INCREMENT=14 DEFAULT CHARSET=utf8mb4;

-- ----------------------------
-- Records of course
-- ----------------------------
INSERT INTO `course` VALUES ('1', '语文', '');
INSERT INTO `course` VALUES ('2', '数学', '');
INSERT INTO `course` VALUES ('3', '英语', '');
INSERT INTO `course` VALUES ('4', '政治', '');
INSERT INTO `course` VALUES ('5', '美术', '');
INSERT INTO `course` VALUES ('6', '体育', '');
INSERT INTO `course` VALUES ('7', '物理', '');
INSERT INTO `course` VALUES ('8', '化学', '');
INSERT INTO `course` VALUES ('9', '生物', '');
INSERT INTO `course` VALUES ('10', '地理', '');
INSERT INTO `course` VALUES ('11', '历史', '');
INSERT INTO `course` VALUES ('12', '计算机与信息技术', '');
INSERT INTO `course` VALUES ('13', '音乐', '');

-- ----------------------------
-- Table structure for department
-- ----------------------------
DROP TABLE IF EXISTS `department`;
CREATE TABLE `department` (
  `id` int(11) NOT NULL AUTO_INCREMENT,
  `name` varchar(255) NOT NULL,
  `description` text NOT NULL,
  `location` varchar(255) NOT NULL,
  PRIMARY KEY (`id`)
) ENGINE=InnoDB AUTO_INCREMENT=11 DEFAULT CHARSET=utf8mb4;

-- ----------------------------
-- Records of department
-- ----------------------------
INSERT INTO `department` VALUES ('1', '领导办公室3', '这是学校领导办公室，汇集了一大批优23秀的领导。', '西北工业大学网院学生公寓234');
INSERT INTO `department` VALUES ('2', '教务处', '这里是学校的教务处，负责学生的各啊啊项工作', '劳动路998号11');
INSERT INTO `department` VALUES ('3', '化学实验室', '化学实验课教学地', '实验室大楼301');
INSERT INTO `department` VALUES ('4', '物理实验室', '物理实验课教学地点', '实验室大楼306');
INSERT INTO `department` VALUES ('5', '校图书馆', '学校图书馆，拥有大量书籍供学生们学习', '启真湖畔');
INSERT INTO `department` VALUES ('7', '超市', '学校超市，为学生们提供日常所需的铲平', '校饭堂对门');
INSERT INTO `department` VALUES ('9', '后勤部分', '负责学校后勤部分的支持', '云天苑204');
INSERT INTO `department` VALUES ('10', '1', '1', '1');

-- ----------------------------
-- Table structure for exam
-- ----------------------------
DROP TABLE IF EXISTS `exam`;
CREATE TABLE `exam` (
  `id` int(11) NOT NULL AUTO_INCREMENT,
  `name` varchar(255) NOT NULL,
  `time` date NOT NULL,
  `remark` varchar(255) NOT NULL,
  PRIMARY KEY (`id`)
) ENGINE=InnoDB AUTO_INCREMENT=12 DEFAULT CHARSET=utf8mb4;

-- ----------------------------
-- Records of exam
-- ----------------------------
INSERT INTO `exam` VALUES ('1', '2016夏季第一次月考', '2016-08-08', '');
INSERT INTO `exam` VALUES ('2', '2016秋季期中考试', '2016-10-21', '');
INSERT INTO `exam` VALUES ('3', '2017冬季期末考试', '2017-01-04', '');
INSERT INTO `exam` VALUES ('4', '中期运动会考', '2015-11-12', '');
INSERT INTO `exam` VALUES ('5', '中期运动会考2', '2015-11-12', '');
INSERT INTO `exam` VALUES ('6', '中期运动会考', '2015-11-12', '');
INSERT INTO `exam` VALUES ('7', '中期运动会考2', '2015-11-12', '');
INSERT INTO `exam` VALUES ('8', '中期运动会考', '2015-11-12', '');
INSERT INTO `exam` VALUES ('9', '中期运动会考2', '2015-11-12', '');
INSERT INTO `exam` VALUES ('10', '', '0000-00-00', '');
INSERT INTO `exam` VALUES ('11', '', '0000-00-00', '');

-- ----------------------------
-- Table structure for homework
-- ----------------------------
DROP TABLE IF EXISTS `homework`;
CREATE TABLE `homework` (
  `id` int(11) NOT NULL AUTO_INCREMENT,
  `course_id` int(11) NOT NULL,
  `title` varchar(255) NOT NULL,
  `date` date NOT NULL,
  `sender` int(11) NOT NULL,
  `content` text NOT NULL,
  `send_time` timestamp NOT NULL DEFAULT CURRENT_TIMESTAMP,
  PRIMARY KEY (`id`),
  KEY `course_id` (`course_id`),
  KEY `sender` (`sender`),
  CONSTRAINT `homework_ibfk_1` FOREIGN KEY (`course_id`) REFERENCES `course` (`id`) ON DELETE CASCADE ON UPDATE CASCADE,
  CONSTRAINT `homework_ibfk_2` FOREIGN KEY (`sender`) REFERENCES `user` (`id`) ON DELETE CASCADE ON UPDATE CASCADE
) ENGINE=InnoDB AUTO_INCREMENT=40 DEFAULT CHARSET=utf8mb4;

-- ----------------------------
-- Records of homework
-- ----------------------------
INSERT INTO `homework` VALUES ('8', '1', '语文作业', '2016-08-18', '77', '写一篇作文，读一本书并做好读书笔记', '2016-08-18 11:06:24');
INSERT INTO `homework` VALUES ('9', '2', '数学作业', '2016-08-18', '77', '第六章课后练习题全部做了', '2016-08-18 11:07:27');
INSERT INTO `homework` VALUES ('11', '1', '这个作业有2个班', '2016-08-18', '77', '作文一篇，读书笔记', '2016-08-21 21:20:26');
INSERT INTO `homework` VALUES ('12', '2', '数学作业', '2016-08-18', '77', '第五章课后作业1~15', '2016-08-21 21:21:12');
INSERT INTO `homework` VALUES ('14', '1', '还是语文作业', '2016-08-21', '77', '这个语文作业啊得花时间', '2016-08-21 21:37:44');
INSERT INTO `homework` VALUES ('15', '2', '又是数学作业', '2016-08-21', '77', '这个数学作业啊特么得一个一个算', '2016-08-21 21:37:57');
INSERT INTO `homework` VALUES ('36', '1', 'suc', '2016-08-24', '77', '1', '2016-08-24 10:07:36');
INSERT INTO `homework` VALUES ('38', '1', '愚者的片尾', '2016-08-25', '1', '请阅读 小说 《愚者的片尾》\r\n并写一篇读后感\r\n至少600个字', '2016-08-25 18:45:25');
INSERT INTO `homework` VALUES ('39', '1', '123', '2016-08-27', '77', '123', '2016-08-27 08:59:33');

-- ----------------------------
-- Table structure for homework_class
-- ----------------------------
DROP TABLE IF EXISTS `homework_class`;
CREATE TABLE `homework_class` (
  `homework_id` int(11) NOT NULL,
  `class_id` int(11) NOT NULL,
  PRIMARY KEY (`homework_id`,`class_id`),
  KEY `class_id` (`class_id`),
  CONSTRAINT `homework_class_ibfk_1` FOREIGN KEY (`homework_id`) REFERENCES `homework` (`id`) ON DELETE CASCADE ON UPDATE CASCADE,
  CONSTRAINT `homework_class_ibfk_2` FOREIGN KEY (`class_id`) REFERENCES `class` (`id`) ON DELETE CASCADE ON UPDATE CASCADE
) ENGINE=InnoDB DEFAULT CHARSET=utf8mb4;

-- ----------------------------
-- Records of homework_class
-- ----------------------------
INSERT INTO `homework_class` VALUES ('8', '1');
INSERT INTO `homework_class` VALUES ('9', '1');
INSERT INTO `homework_class` VALUES ('11', '1');
INSERT INTO `homework_class` VALUES ('12', '1');
INSERT INTO `homework_class` VALUES ('14', '1');
INSERT INTO `homework_class` VALUES ('15', '1');
INSERT INTO `homework_class` VALUES ('38', '1');
INSERT INTO `homework_class` VALUES ('39', '1');
INSERT INTO `homework_class` VALUES ('8', '5');
INSERT INTO `homework_class` VALUES ('9', '5');
INSERT INTO `homework_class` VALUES ('11', '5');
INSERT INTO `homework_class` VALUES ('12', '5');
INSERT INTO `homework_class` VALUES ('14', '5');
INSERT INTO `homework_class` VALUES ('15', '5');
INSERT INTO `homework_class` VALUES ('39', '5');
INSERT INTO `homework_class` VALUES ('9', '10');
INSERT INTO `homework_class` VALUES ('11', '10');
INSERT INTO `homework_class` VALUES ('14', '10');
INSERT INTO `homework_class` VALUES ('36', '10');
INSERT INTO `homework_class` VALUES ('38', '11');
INSERT INTO `homework_class` VALUES ('38', '12');

-- ----------------------------
-- Table structure for mark
-- ----------------------------
DROP TABLE IF EXISTS `mark`;
CREATE TABLE `mark` (
  `student_id` int(11) NOT NULL,
  `course_id` int(11) NOT NULL,
  `exam_id` int(11) NOT NULL,
  `mark` float NOT NULL DEFAULT '0',
  `remark` varchar(255) DEFAULT NULL,
  PRIMARY KEY (`student_id`,`course_id`,`exam_id`),
  KEY `exam_id` (`exam_id`),
  KEY `course_id` (`course_id`),
  CONSTRAINT `mark_ibfk_1` FOREIGN KEY (`exam_id`) REFERENCES `exam` (`id`) ON DELETE CASCADE ON UPDATE CASCADE,
  CONSTRAINT `mark_ibfk_2` FOREIGN KEY (`student_id`) REFERENCES `user` (`id`) ON DELETE CASCADE ON UPDATE CASCADE,
  CONSTRAINT `mark_ibfk_3` FOREIGN KEY (`course_id`) REFERENCES `course` (`id`) ON DELETE CASCADE ON UPDATE CASCADE
) ENGINE=InnoDB DEFAULT CHARSET=utf8mb4;

-- ----------------------------
-- Records of mark
-- ----------------------------
INSERT INTO `mark` VALUES ('1', '1', '2', '100', null);
INSERT INTO `mark` VALUES ('1', '2', '2', '100', null);
INSERT INTO `mark` VALUES ('83', '1', '2', '85', '');
INSERT INTO `mark` VALUES ('83', '3', '1', '96', null);
INSERT INTO `mark` VALUES ('83', '4', '1', '86', null);
INSERT INTO `mark` VALUES ('83', '5', '1', '86', null);
INSERT INTO `mark` VALUES ('83', '6', '1', '88', null);
INSERT INTO `mark` VALUES ('83', '7', '1', '91', null);
INSERT INTO `mark` VALUES ('83', '8', '1', '95', null);
INSERT INTO `mark` VALUES ('83', '9', '1', '94', null);
INSERT INTO `mark` VALUES ('83', '10', '1', '97', null);
INSERT INTO `mark` VALUES ('83', '11', '1', '90', null);
INSERT INTO `mark` VALUES ('83', '12', '1', '81', null);
INSERT INTO `mark` VALUES ('83', '13', '1', '87', null);
INSERT INTO `mark` VALUES ('84', '1', '1', '100', null);
INSERT INTO `mark` VALUES ('84', '2', '1', '80', null);
INSERT INTO `mark` VALUES ('84', '3', '1', '89', null);
INSERT INTO `mark` VALUES ('84', '4', '1', '94', null);
INSERT INTO `mark` VALUES ('84', '5', '1', '84', null);
INSERT INTO `mark` VALUES ('84', '6', '1', '95', null);
INSERT INTO `mark` VALUES ('84', '7', '1', '86', null);
INSERT INTO `mark` VALUES ('84', '8', '1', '88', null);
INSERT INTO `mark` VALUES ('84', '9', '1', '99', null);
INSERT INTO `mark` VALUES ('84', '10', '1', '88', null);
INSERT INTO `mark` VALUES ('84', '11', '1', '65', null);
INSERT INTO `mark` VALUES ('84', '12', '1', '99', null);
INSERT INTO `mark` VALUES ('84', '13', '1', '88', null);
INSERT INTO `mark` VALUES ('85', '1', '1', '55', null);
INSERT INTO `mark` VALUES ('85', '2', '1', '66', null);
INSERT INTO `mark` VALUES ('85', '3', '1', '88', null);
INSERT INTO `mark` VALUES ('85', '4', '1', '95', null);
INSERT INTO `mark` VALUES ('85', '5', '1', '88', null);
INSERT INTO `mark` VALUES ('85', '6', '1', '86', null);
INSERT INTO `mark` VALUES ('85', '7', '1', '87', null);
INSERT INTO `mark` VALUES ('85', '8', '1', '87', null);
INSERT INTO `mark` VALUES ('85', '9', '1', '95', null);
INSERT INTO `mark` VALUES ('85', '10', '1', '99', null);
INSERT INTO `mark` VALUES ('85', '11', '1', '87', null);
INSERT INTO `mark` VALUES ('85', '12', '1', '87', null);
INSERT INTO `mark` VALUES ('85', '13', '1', '94', null);
INSERT INTO `mark` VALUES ('86', '1', '1', '85', null);
INSERT INTO `mark` VALUES ('86', '5', '1', '87', null);
INSERT INTO `mark` VALUES ('86', '7', '1', '96', null);
INSERT INTO `mark` VALUES ('86', '10', '1', '87', null);
INSERT INTO `mark` VALUES ('86', '12', '1', '98', null);
INSERT INTO `mark` VALUES ('86', '13', '1', '87', null);
INSERT INTO `mark` VALUES ('110', '1', '1', '99', null);
INSERT INTO `mark` VALUES ('110', '2', '2', '87', null);
INSERT INTO `mark` VALUES ('110', '3', '1', '88', null);
INSERT INTO `mark` VALUES ('110', '4', '1', '89', null);
INSERT INTO `mark` VALUES ('110', '6', '1', '78', null);
INSERT INTO `mark` VALUES ('110', '8', '3', '95', null);
INSERT INTO `mark` VALUES ('110', '9', '1', '87', null);
INSERT INTO `mark` VALUES ('110', '11', '1', '89', null);

-- ----------------------------
-- Table structure for message
-- ----------------------------
DROP TABLE IF EXISTS `message`;
CREATE TABLE `message` (
  `id` int(11) NOT NULL AUTO_INCREMENT,
  `content` text NOT NULL,
  `sender` int(11) NOT NULL,
  `time` timestamp NOT NULL DEFAULT CURRENT_TIMESTAMP,
  `title` varchar(40) NOT NULL,
  PRIMARY KEY (`id`),
  KEY `sender` (`sender`),
  CONSTRAINT `message_ibfk_1` FOREIGN KEY (`sender`) REFERENCES `user` (`id`) ON DELETE CASCADE ON UPDATE CASCADE
) ENGINE=InnoDB AUTO_INCREMENT=100 DEFAULT CHARSET=utf8mb4;

-- ----------------------------
-- Records of message
-- ----------------------------
INSERT INTO `message` VALUES ('2', '第二封：\r\n\r\n今天二手频道迎来上线至今最大改变 —— 58二手将整体品牌升级到“转转”。\r\n\r\n58二手是中国最早最大的二手社区。我们只搭建了最简单的规则，买家和卖家在这里完成发布和浏览，去线下电话和交易。早年的发展非常迅速，是用户创造了这一切，大家互相吸引互相交易，让闲置旧物焕发新生。\r\n\r\n但很多问题也在近年出现。“用户多”带来了“效果”，而“效果”带来了一些“坏人”。虽然用户数仍不断增长，但真用户的体验却越来越差。有用户向我们投诉他们遇到了骗子，我们近期打击的一个北京骗子用3个真实手机号和84个运营商小号发布了三千多条虚假手机信息。这个社区变得不再纯洁和充满乐趣。有一段时间，我们自己甚至也不喜欢我们的产品了。自己都不喜欢，又怎么敢让大家用呢？\r\n\r\n我们可以闷头把投诉和体验差归结为中国诚信环境不健全，也可以尝试改变这一切。我们选择改变，选择行动！\r\n1. 我们选择激进的方式将体验和品牌全面升级。\r\n1) 对于一个繁荣的社区，规则的简单恰恰是用户的复杂。为了真正的简单，我们不得不提高门槛。\r\n2) “转转”将要求微信绑定、隐藏电话、担保交易。\r\n2. 针对于所有二手平台最头疼的二手手机：\r\n1) 我们放弃插在58个人信息里的商家广告收入，直到我们确认有信心完全掌控质量。\r\n2) 我们投入成本强化转转优品自营和验机服务，这将是全网唯一能放心买到靠谱二手手机的地方。优品自营的二手iPhone也将首次支持30天质保，买二手可以像买新的一样，这是我们背后几百名质检师的共同承诺。\r\n在经过半年的测试后，我们确信“转转”将提供比过去更好的服务体验，这会是一个值得我们一起重新建设的平台。我们知道改变带来不习惯，但我们同样知道不改变一定不行。\r\n二手交易是一件利己、利他、利环境的好事，在闲置旧物重新找到价值的同时也会减少浪费和污染。\r\n\r\n衷心希望和各位真用户一起，再次重新开荒，创造一个新世界！', '77', '2016-08-21 19:51:45', '公开信2');
INSERT INTO `message` VALUES ('3', '第三封：\r\n\r\n今天二手频道迎来上线至今最大改变 —— 58二手将整体品牌升级到“转转”。\r\n\r\n58二手是中国最早最大的二手社区。我们只搭建了最简单的规则，买家和卖家在这里完成发布和浏览，去线下电话和交易。早年的发展非常迅速，是用户创造了这一切，大家互相吸引互相交易，让闲置旧物焕发新生。\r\n\r\n但很多问题也在近年出现。“用户多”带来了“效果”，而“效果”带来了一些“坏人”。虽然用户数仍不断增长，但真用户的体验却越来越差。有用户向我们投诉他们遇到了骗子，我们近期打击的一个北京骗子用3个真实手机号和84个运营商小号发布了三千多条虚假手机信息。这个社区变得不再纯洁和充满乐趣。有一段时间，我们自己甚至也不喜欢我们的产品了。自己都不喜欢，又怎么敢让大家用呢？\r\n\r\n我们可以闷头把投诉和体验差归结为中国诚信环境不健全，也可以尝试改变这一切。我们选择改变，选择行动！\r\n1. 我们选择激进的方式将体验和品牌全面升级。\r\n1) 对于一个繁荣的社区，规则的简单恰恰是用户的复杂。为了真正的简单，我们不得不提高门槛。\r\n2) “转转”将要求微信绑定、隐藏电话、担保交易。\r\n2. 针对于所有二手平台最头疼的二手手机：\r\n1) 我们放弃插在58个人信息里的商家广告收入，直到我们确认有信心完全掌控质量。\r\n2) 我们投入成本强化转转优品自营和验机服务，这将是全网唯一能放心买到靠谱二手手机的地方。优品自营的二手iPhone也将首次支持30天质保，买二手可以像买新的一样，这是我们背后几百名质检师的共同承诺。\r\n在经过半年的测试后，我们确信“转转”将提供比过去更好的服务体验，这会是一个值得我们一起重新建设的平台。我们知道改变带来不习惯，但我们同样知道不改变一定不行。\r\n二手交易是一件利己、利他、利环境的好事，在闲置旧物重新找到价值的同时也会减少浪费和污染。\r\n\r\n衷心希望和各位真用户一起，再次重新开荒，创造一个新世界！', '11', '2016-08-21 19:51:58', '公开信3');
INSERT INTO `message` VALUES ('5', '前些天，东郭叔去冰城哈尔滨参加“太阳岛论坛”时曾电告岛叔，国家在振兴东北方面马上有重大政策要公布，总共涉及投资将达1.6万亿元。如今，这只靴子终于落地。\r\n\r\n8月22日，国家发展改革委网站公布消息称，为深入贯彻落实党中央、国务院关于实施新一轮东北地区等老工业基地振兴战略的决策部署，《推进东北地区等老工业基地振兴三年滚动实施方案（2016—2018）年》》已经印发。总体看，《实施方案》分年度明确了137项重点工作以及127项重大项目。\r\n\r\n那么，这些政策与以往振兴东北的政策有何不同？又将给东北带来什么呢？且听岛叔一一分解。\r\n\r\n政策驰援——加速\r\n\r\n我们都知道“木桶原理”，就是一只水桶能装多少水取决于它最短的那块木板。同样的道理，如果能把经济下行压力最大的东北地区稳住，并使其经济重新企稳回升，那整个中国经济面临的态势也将有所好转。因此，国家驰援东北的政策正在加速“北上”。\r\n\r\n在《实施方案》中，“着力完善体制机制、着力推进结构调整、着力鼓励创新创业、着力保障和改善民生”成为了四大核心任务。从目前透露出的信息看，比较重磅的实际措施包括：\r\n\r\n在东北地区改组组建一批国有资本投资公司和运营公司，在部分转制科研院所和高新技术企业开展股权和分工激励工作等，开展“中国制造2025”城市试点示范工作，组织实施一批重大技术装备首台（套）示范项目，建设若干老工业基地产业转型升级示范区和示范园区，组织实施东北振兴重大创新工程，全面推进城区老工业区搬迁改造和独立工矿区改造搬迁，加大对资源枯竭城市财力性转移支付支持力度等等。\r\n\r\n不难看出，无论是鼓励科研创新，还是推动工业转型升级，针对的都是东北经济结构长期以来重化工业及“原”字号、“初”字号产品这一问题来的，属于治本之策。可话说回来，正如供给侧结构性改革也需要适度的需求管理一样，对大多数人来说，短期的稳增长项目对东北而言显然“期待感更强”。\r\n\r\n这不，《实施方案》提出了拟于2016-2018年开工建设的对东北振兴有全局性重要影响的、能够有效补短板和培育新动能的重大项目，主要涉及交通（含铁路、高速公路、机场、轨道交通）、能源、水利、工业、农业、城乡建设等多个领域。而且，人家发改委连今后每年干多少项目都安排好了——2016年62项，2017年33项，2018年32项。\r\n\r\n稳增长项目已然“箭在弦上”。\r\n\r\n新疾沉疴——仍多\r\n\r\n可能有人说了，发力投资“铁公鸡”不是又搞强刺激吗？是不是在饮鸩止渴？\r\n\r\n其实，这话还得从两头说。\r\n\r\n当年，日本军国主义扶植伪满洲国，将“首都”定在了长春，其中一个很重要的客观原因就是，当时长春是整个亚洲城市基础设施和工业基础最好的城市之一。即使是改革开放之后相当长的一段时间内，东北地区的城市化水平也是稳居全国之首。可是，正如昨天喝羊汤解不了今天的饱一样，再好的基础设施也会慢慢老化，也有难以跟上新经济、新业态需要的一天。就像传统百货大楼再怎么改造，也比不上各种新型商业综合体的购物体验。\r\n\r\n前几天，东北某著名高校的一位经济学者在和岛叔聊天时，也谈到了基础设施的问题。他很羡慕东中部地区发达的高铁网络，慨叹覆盖东北的高铁网至今还未形成，基础设施还有很大改善空间。\r\n\r\n“东北国有经济比重一直很高，目前指望当地民营资本有大的做为恐怕不现实，因此从沿海发达地区吸引民间资本到东北投资兴业是个可行的办法。高铁修好了，人员、物资流动就更便利，这非常有利于吸引外部投资。如果能逐步补上这些短板，那么无论从长期还是短期来看，对东北经济都有很大帮助。”他分析。\r\n\r\n中医治病，讲究“三分治、七分养”。在岛叔看来，1.6万亿的投资项目其实主要还是着眼那“三分治”，并为“七分养”争取时间、奠定基础。毕竟，东北经济的根本问题还在于体制机制。\r\n\r\n几个月前公布的《中共中央国务院关于全面振兴东北地区等老工业基地的若干意见》，其实对东北诸多“病灶”给出了清晰的诊断：市场化程度不高、国有企业活力仍然不足、民营经济发展不充分、科技与经济发展融合不够、社会保障和民生压力较大、思想观念不够解放……。\r\n\r\n其实，说得更露骨一点就是——你的游戏规则缺乏吸引力。\r\n\r\n在经济学基本原理中，任何一个地区的经济增长都无外乎两大动力源——一是全要素生产率的提高，二是人口的增长。而在行政主导资源分配、个体才能无法得到应有回报的游戏规则下，全要素生产率难以内生性提高，劳动者则要么进入有利于获取资源的“体制内”，要么流向游戏规则更公平的沿海地区，成为某种意义上用脚投票的“制度移民”。如此一来，东北经济岂能不下行？\r\n\r\n这些年，东北劳动力外流严重\r\n\r\n除了人口流失之外，东北“未富先老”现象也很严重，这一方面是由于年轻的高素质劳动力大幅流失，另一方面也因为生育意愿降低。\r\n\r\n以黑龙江为例，从1995年到2012年的17年间，黑龙江省60岁及以上和65岁及以上两个年龄段的老年人口比例均增长了两倍，60岁及以上人口比例从1995年的7.4%提高到2012年的14.8%，而65岁及以上人口比例则从4.4%提高到8.8%。而生育率下降最主要的原因早期是计划生育执行严格，如今则逐步变为生育成本过高。\r\n\r\n可见，东北面临着“体制机制死板——经济下行——人才流失——财政吃紧——社会保障无力——生育率下降——经济下行”怪圈的威胁。\r\n\r\n希望之地——不弃\r\n\r\n正因如此，尽管很多人对发改委及时出台相关政策叫好，但大家也都明白，只有坚持深化改革（包括市场环境、官场环境、生态环境）才是促使东北重新进入良性发展通道的钥匙。岛叔以为，无论援助的力度有多大、效果有多显著，最终东北还是要逐步强化它自身的造血机制，让高素质人才为东北的“游戏规则”所吸引，让非公经济在政策的鼓励下更好发展，让创新盘活整个东北的优质资源，让东北的优势产业做精做强，最终实现产业结构升级调整和全新的经济增长。\r\n\r\n说到这，也许有人该批评岛叔在这“画饼充饥”了。但真正到过东北、了解东北的人对这片希望之地的雄厚优势和潜力其实都心知肚明。\r\n\r\n举个例子，今年年初，岛叔便去参观了正在建设中的“华龙一号”示范工程——福建福清核电站。从小就痴迷各种工业设备的岛叔指着核反应堆外面的安全壳问现场工程师“这些零件都是我国哪些企业产的？”工程师说安全壳（即核反应堆压力容器）是核电站安全的重要屏障，我国大多数安全壳都是位于黑龙江的一重集团生产的。此外，“华龙一号”核电站的安全阀、发电机转子、冷却设备、港口专用起重机等不少“高大上”的工业装备也都产自我国东北。要知道，核电可是当前中国制造走向海外时拿得出手的一张金字招牌。\r\n\r\n如今，看到国家对东北振兴再出招，岛叔也深深地为东北攥了攥拳头。东北存在的问题众所周知，发展潜力也亟待激发，国家为东北振兴其实给出了非常优渥的扶持政策，能否落地生根？这下一棒的接力已经传到了东北官员和百姓的手上，如果不能破除“等靠要”的政策惰性，下大力气整治官场和投资环境，那再好的政策都会成为一纸空文。', '1', '2016-08-24 10:47:31', '国家又给了1.6万亿，这次能否救活东北？');
INSERT INTO `message` VALUES ('6', '兰州交通大学博文学院院长陈玲等人8月23日下午两点多来到了患癌去世女教师刘伶利的家中，向刘伶利的父母道歉。 随后，校方与刘伶利老师家属对补偿问题具体商谈，双方达成和解，并现场签署了《和解协议书》。\r\n\r\n《和解协议书》中包括兰州交通大学博文学院向刘伶利家属已经补发的工资57600元，丧葬抚恤金14400元；补偿所有医疗费40万元、亲属救助金6万元、抚慰金4万元，以上三项共计50万元将于签约2日内付清。\r\n\r\n\r\n\r\n刘伶俐母亲躺在床上，如今收到校方的三份文件令她嚎啕大哭。\r\n\r\n\r\n\r\n刘伶俐父亲的眼镜，坏了也没有换。\r\n\r\n\r\n\r\n兰州交大博文学院官网截图\r\n\r\n8月22日晚上，兰州交通大学博文学院官网发出向刘伶利老师家人的公开道歉信，如下：\r\n\r\n刘伶利老师的家人：\r\n\r\n近日，社会上对我院刘伶利老师“因患癌被开除”一事极为关注，刘老师患病后，在没有掌握真实情况前，学院草率做出了解除劳动合同的决定，实属不妥。而就在我们与你们商议即将解决相关问题时，刘老师却不幸去世，留下了深深的遗憾，令人痛惜。对于刘伶利老师的病逝，我们非常难过，因学院这一决定，对刘伶利老师及你们造成了严重伤害，在社会上造成了恶劣影响，在此，我们再次表示最诚挚的歉意！\r\n\r\n几天来，我院积极配合，与你们沟通协商，全力妥善解决后续事宜，就是想以实际行动弥补我院的过失。\r\n\r\n通过这一事件，兰州交通大学博文学院将深刻反省、加强管理、完善制度，不辜负社会各界的关心、支持和理解！\r\n\r\n逝者已去，逝者安息！希望你们一家人早日从失去亲人的悲痛中走出来，我们再一次表示致歉和慰问。\r\n\r\n兰州交通大学博文学院\r\n\r\n2016年8月22日\r\n\r\n早前报道\r\n\r\n收到撤销开除通知，患癌女教师母亲大哭：院长道歉\r\n\r\n8月22日，刘伶俐的“头七”刚过两天，她的父母终于等来了兰州交通大学博文学院的正式回应：对于刘伶俐一事的3个处理通知。\r\n\r\n22日中午，兰州交大博文学院副院长左闯、党发育以及英语教研组副主任等在内的4位老师，来到了刘伶俐的家中。\r\n\r\n他们还带来了三份文件，一是坚决执行法院终审判决，恢复刘伶俐的劳务关系；二是对人事处处长江雪芸做出停职处理的决定；三是72000元的工资及丧葬抚恤金补偿。\r\n\r\n事发至今，从家长所称的博文学院院长陈玲一句“你别给我哭，这种事我见多了”，到如今三份文件，期间的心酸让刘伶俐的母亲刘淑琴终于忍不住嚎啕大哭，“我现在就要陈玲跟我的女儿和我们老两口公开道歉。”', '1', '2016-08-24 10:48:11', '兰州交大登门道歉 患癌女教师父母获赔50万元');
INSERT INTO `message` VALUES ('7', '中国和俄罗斯应该小心了!美国《国家利益》网站22日发出警告：美国的濒海战斗舰将配备更轻型声呐系统，可以更好地搜索敌方潜艇。美国人绝不是虚言恐吓，据美第七舰队官网报道，濒海战斗舰“沃斯堡”号22日离开新加坡樟宜基地，返回它在圣迭戈的母港。接替它的是濒海战斗舰“科罗拉多”号。后者刚参加完环太军演，目前在夏威夷休整。而“沃斯堡”号在亚太轮驻期间，频繁出现在南海海域，中方还曾派出舰艇近距离监视它。\r\n\r\n报道说，美军意识到，中俄一直在快速研发新的潜艇装备和技术，因此美国海军正在研发更轻型的反潜技术，这种技术装备濒海战斗舰后，可以协助其跟踪、锁定和摧毁敌方的潜艇。美国海军科研人员的想法是利用更轻便的可变深度声呐和AN/SQR-20多功能拖曳阵列系统，外加其他反潜技术，使得美军濒海战斗舰在不同的海洋环境中和更远距离条件下接收敌方潜艇的声音信号或脉冲信号。美军研发人员卡西·莫顿表示，“我们已经可以对潜艇进行远距离侦测”。莫顿解释说，可变深度声呐可以在海洋的温跃层下面使用。\r\n\r\n文章称，轻型潜艇搜寻系统对濒海战斗舰特别重要，因为这类舰艇依靠速度和操作灵活性增强作战能力。如果灵活性增强，濒海战斗舰可以利用其40节的速度避开敌人的炮火或者更加迅速地进入攻击敌人的位置。此外，濒海战斗舰的反潜配套装备还包括MH-60直升机和无人机，直升配有轻型鱼雷和声呐浮标，用于搜索敌方潜艇的声音信号。\r\n\r\n目前，美海军在加州海岸进行寻找假想敌方潜艇的测试。舰上配备的先进计算机系统将把收集到的情报进行整合。报道称，美军在增强濒海战斗舰反潜能力的同时，也在加快更新该舰的武器系统和自救系统，目的是提高它们在高危险环境下的作战能力。这种能力在南海等高风险地区日益重要。', '1', '2016-08-24 10:49:09', '美媒：美军濒海舰换装新反潜系统 中国要小心');
INSERT INTO `message` VALUES ('9', '美国《国家利益》双月刊网站8月5日发表塞巴斯蒂安·罗布兰的一篇文章，题为《俄罗斯致命的T-50隐形战斗机对阵美国F-22“猛禽”：谁将获胜？》，全文如下：\r\n\r\n振作起来，女士们先生们！今天上场的是两款当代的终极隐形战斗机：F-22“猛禽”和PAK-FA T-50战斗机。前者已经完成了其量产过程，后者将很快开始驶出其工业孵化室。\r\n\r\n今天我们将考虑哪一款战机将在各种作战指标方面占据上风。为了让读者们保持兴趣，我们将按倒序方式对它们的作战能力进行一番考察。\r\n\r\n可视距离内的“枪战对决”\r\n\r\n导弹技术从很早以前开始就有可能使空战实际上成为在相距远超100公里甚至200公里的地方互射导弹。但是，如果两架飞机都利用了隐形技术，那么它们可以利用雷达制导武器互相准确地瞄准对方的距离将大大缩短。理论上这会重新带来更多的近距离格斗。\r\n\r\nF-22和T-50两种机型有许多共同的出色特性：它们都能以1.5倍声速以上的速度进行超音速巡航（在不使用加力燃烧室的情况下）——“猛禽”1.8马赫的最高速度比T-50战斗机的1.6马赫快一些。两者最高都能飞行至6.5万英尺（约2万米），超过新型F-35战机。\r\n\r\n那么如果这两款飞机在可视距离内对决，谁会胜出呢？F-22“猛禽”最美国有史以来制造的最具机动性的战斗机，而PAK-FA在这方面更胜一筹。T-50战斗机采用了三维推力矢量喷嘴——其引擎喷嘴可以真正独立地向任何方向倾斜，以协助飞机的机动。喷气引擎为飞机的偏航以及飞行高度改变提供协助，并使飞机可以具有很高的攻击角度——即飞机的机头可以朝向不同于飞机航向的方向。\r\n\r\n“猛禽”战斗机采用的是二维推力矢量喷嘴，它们只可以一致地向上或向下，从而只能影响飞行高度。这仍然是相当出色的——“猛禽”是唯一可以进行超音速机动的美国战斗机，但它在敏捷方面仍无法与T-50战斗机抗衡。\r\n\r\n机动性可以在战斗机的格斗中提供什么优势？它可以帮助飞机躲避导弹（这在任何情况下都有价值），并且在可视距离内的格斗中获得有利的发射位置。不过，最极端的机动作业也会消耗飞机的大量能量——而美国作战学说一贯青睐维持高能量状态，F-22战斗机消耗能量的速度似乎比其俄罗斯对手慢一些。\r\n\r\n接下来看武器！尽管F-22的热成像标记有所减弱，但基本的一点是，在可视距离内，隐形战斗机仍然极易受到红外制导导弹的攻击。这两款飞机都可以携带两枚导弹。\r\n\r\n在很长一段时间内，俄罗斯飞机曾拥有先进的短程R-73热寻的导弹，它们可以通过安装在头盔上的瞄准器进行瞄准：飞行员只需看一下敌机就可以向其发射导弹。重要的是，甚至不需要让飞机对准目标。\r\n\r\n不过，美国终于在2004年启用了与R-73导弹对等的AIM-9X导弹，按照计划F-22战斗机最终将在2017年拥有使用AIM-9X导弹的能力。头盔式瞄准器应该在2020年启用。到T-50战斗机投入实战使用时，这两款飞机将拥有大致相当的短程导弹能力。\r\n\r\n胜负裁决：T-50稍占上风。这两款飞机都十分擅长空中缠斗——但T-50看来更为敏捷。不过关于可视距离格斗，还存在一个问题：首先你得在超视距交战中生存下来，才需要进行可视距离格斗。\r\n\r\n超视距——摆脱雷达的监视\r\n\r\n让我们先来看一下不容忽视的问题：F-22是一款隐形性能很强的战斗机，据信其雷达截面积仅为0.0001平方米，而T-50的雷达截面积据称最低为0.1平方米——那还是从正对着的方向。\r\n\r\nT-50战斗机专利文件号称最大截面积为1平方米……那些位于飞机后部的三维推力矢量喷嘴本身就会引起雷达的注意。如果T-50进行防御性交战，这一过程中其对手处在它们雷达网的边缘，那么这也许不是一种大不了的局限。不过，对于执行深入敌方雷达覆盖区域的渗透行动，这却远远谈不上理想。俄罗斯也许对此没有多少担忧——但是这确实意味着T-50在各种情况下将比F-22战斗机更容易被探测到。\r\n\r\n在其他的超视距能力上，这两款战斗机几乎不分上下。F-22和T-50战斗机都采用了有源电子扫描阵列（AESA）雷达——确切地说要等NO36 Byelka AESA雷达完成启用之后。这种雷达隐形性能更好，抗电子干扰能力更强，并且号称具有更高的精确度。F-22和T-50战斗机在相距50公里以内时将能探测到对方——尽管谁能先探测到对方是一个争议的问题。\r\n\r\nT-50战斗机号称拥有先进的红外搜寻跟踪（IRST）系统，最大探测距离为50公里。F-22目前还没有装备这种系统，不过计划在2020年引入这样的系统。尽管如此，F-22的引擎喷嘴具备降低热敏标记的设计，从而缩小了探测距离，而T-50战斗机的引擎是密合构造的，因此鉴于T-50战斗机在这一距离内也许是可以被雷达发现的，谁将先被对方发现并非那么一目了然。\r\n\r\n在任何情况下，IRST雷达并不提供瞄准别的飞机的手段，它仅仅给出判断别的飞机大致方位的线索。T-50战斗机在机翼中还有自带的L波段雷达，它们理论上可以有效地确定隐形战斗机的大体位置。不过，它们的探测距离相当有限，并且精确度不够用来指导武器的瞄准。与IRST系统不同，它们的劣势在于当被启动的时候会让T-50极易被雷达发现。\r\n\r\n许多专家对T-50战斗机号称装备了美国最新战斗机上所使用的第5代航空电子和网络技术表示怀疑。令人好奇的是，与功率足够大的低频段AESA雷达联网，可能会让雷达制导导弹（例如E-2D预警机上的那种雷达）实现对隐形战斗机的瞄准。不过，F-22的数据链也过时了，直到最近才计划进行升级。\r\n\r\n在实战中，F-22将与广泛的辅助传感器以及海上及空中的电子战平台网络协同，甚至有人谈论使用隐形战斗机发出关于潜在目标的指示信号，以便由B-52轰炸机发射超音速远程导弹予以打击。\r\n\r\n相比之下，俄罗斯分析员坚称，地面的低带宽雷达和远程地对空导弹如S-400是对付隐形战斗机的可靠解决方案。这将使T-50战斗机局限于在靠地面较近的位置作战，鉴于俄罗斯的安全态势，这也许是可以接受的。\r\n\r\n胜负裁决：F-22占上风。历史表明在飞行器格斗中先射击的一方往往取胜，而隐形性能更好的F-22似乎更有可能做到这一点——尽管这两款战斗机在迎面对决状态中的能力更加难分伯仲。\r\n\r\n数量本身就是一种质量\r\n\r\n笔者无意用庸俗的商用语汇来亵渎这对战鹰的神圣对决。之所以比较两款战斗机的工业表现，其原因十分简单。T-50战斗机只有达到相当多产量的情况下才能证明是F-22战斗机的一个重要的对手。也就是说，产量要高于目前订单上到2020年前需交付的12架。\r\n\r\n这并不是说F-22战斗机的数目有很多——目前其总数是178架，这对于支撑美国在今后20年保持空中优势的希望多少有些勉为其难。\r\n\r\n那么为什么T-50订单被如此大幅度地削减了呢？这是因为事实证明这款战斗机要实现所有的设计规格（尤其是在引擎方面）是极其困难的。开发成本在持续上升，而俄罗斯经济近年一直处在衰退中，从而降低了对于这样一种昂贵机型的需求。\r\n\r\n这将导致另一个有关T-50的重要警示：它的能力有许多仅仅停留在计划中，而未兑现。AESA雷达仍然在进行测试。目前批次的T-50装备的发动机是AL-41F1，它们燃料效率不高，产生的推力不足，因此打算在更出色的Izdeliye30涡轮风扇完成研制后予以替换——这可能要到2027年。\r\n\r\n总之，T-50是一款正在研发中的战斗机，其最终能力还不清楚。这也是一款极昂贵的产品，给其真正的产量规模留下了巨大的问号。\r\n\r\n这便引出另一个重要问题：T-50计划的投资人印度正在公开地抱怨该计划的成本和质量问题。质量控制的失误如配件不匹配可能增加T-50的雷达截面积。印度的FGFA战斗机可能比俄罗斯的版本更为精细，但是如果印度撤销其超过100架战斗机的订单，这一项目可能会被证明更加难以获得资金。\r\n\r\n不过，俄罗斯的防务政策和经济命运在未来很可能发生改变，随着更多的隐形战斗机系统得到完善，追加订单有朝一日很可能会到来。难以想象这个项目在投入了如此多的资金和仅仅生产了12架飞机后就寿终正寝。\r\n\r\n不过眼下，证据显示2020年之前将只有少量的T-50战斗机进入俄罗斯军队——这个数字不足以在近期改变空中力量平衡。\r\n\r\n胜负裁决：正如名人名言所说的，“数量本身就是一种质量”。（编译/曹卫国）', '1', '2016-08-24 10:49:53', '美媒对比美俄五代机 T-50机动占优F-22雷达更好');
INSERT INTO `message` VALUES ('10', '据韩联社8月22日报道，最近中国人民解放军在东海举行联合实战大演习时，包括中国空军战略轰炸机在内的3架飞机，进入中韩防空识别区重叠区。\r\n\r\n韩国军方相关人员22日表示，18日上午，参加联合实战大演习的3架中国军机短暂进入了苏岩礁(即“江苏外海之礁石”之意，是中国东海上一个礁石)西部上空防空识别区。\r\n\r\n报道称，韩国军队向3架中国军用飞机发出警告通信后，开始出动以F-15K为首的主力战斗机群，中国军机随即撤离防空识别区。\r\n\r\n报道称，此次中国军机进入的“韩国防空识别区”，是和中国宣布的防空识别区相重叠的区域。今年1月31日，中国军机就曾经过中韩防空识别区的重叠区域，当时韩国战斗机没有出动。\r\n\r\n8月18日，中国东海舰队所属导弹护卫队荆州舰队，以及结束在夏威夷举行的“2016环太平洋训练”归途中的西安舰队，在东海海域进行红蓝军联合实战大演习。投入了包括空军轰-6战略级轰炸机在内的3架航空机，在进入防空识别区后，经过大韩海峡(或朝鲜海峡)上空，一直飞行到独岛北部上空。\r\n\r\n报道分析称，中国人民解放军此次实战大演习，是针对朝鲜半岛“萨德”部署、中日钓鱼岛主权纠纷，做出的武力示威。', '1', '2016-08-24 10:50:33', '韩媒：中国轰炸机飞入中韩重合识别区 韩战机拦截');
INSERT INTO `message` VALUES ('11', '人民网北京8月22日电（记者黄子娟） 8月19日，日本多家主流媒体报道，日防卫省提出的2017财年防卫预算要求总额高达5.1685万亿日元，约合3418亿元人民币，连续第二年突破5万亿日元大关，同时再一次创下历史新高。日本问题专家刘华在接受央视《今日亚洲》采访时表示，2017年防卫预算的增幅将创下历史纪录，这一方面反映了安倍明显的扩军和加强军事建设的决心，另一方面也显示安倍在国内已拥有相当大的政治资源，在整体财政非常困难的情况下，还能把主要资源投到军费上。\r\n\r\n央视分析近20年来日本防卫预算的走势称， 70年代日本防卫费用保持高位运行，但从2002财年起连续十年下降。安倍晋三2012年年底上台以后，一举扭转了防卫费的下降趋势，使日本军力发展重回上升通道。2013财年至2015财年的三年中，日本军费增幅分别为约0.8%、2.8%和2.0%。2016财年预算中，日本军费首次超过了5万亿日元，达到5.0541万亿日元。据日本内阁府15日公布的数据，日本第二季度GDP环比仅增长0.05%，按年率计算增长0.2%，均低于预期。多数经济学家预测今年第三季度日本经济也难见起色，增速将不足1%，增长乏力，债台高筑这样的经济背景之下，安倍却在军力发展上毫不吝惜。\r\n\r\n报道称，从这五万多亿日元的防卫预算要求可以发现，日本正急于发展非对称手段，建立起威慑能力，尤其是针对中国的意图明显。最能体现日本非对称作战构想的莫过于两大领域，即反导和封锁岛链。\r\n\r\n日本时事通讯社披露称，防卫省计划从2017年开始对现役的“爱国者-3”反导系统进行升级，将其拦截弹的射程增加一倍到30公里左右，所需资金为1056亿日元。此外，日本还计划从明年开始为海上自卫队购买最新版本的“标准-3”拦截导弹，投入资金147亿日元。最新版本的“标准-3”由日美两国共同研制，可以在更高的高度上拦截弹道导弹。陆基的“爱国者”和海基的“标准-3”恰好是日本目前反导体系的核心。可以说，从明年开始，日本将对现有的反导体系实施全面升级。在东海方向上，防卫省计划投入746亿日元用于将陆上自卫队部署到西南诸岛，并着手研制新型反舰导弹。产经新闻报道称，新型反舰导弹是自卫队现役SSM-2式导弹的改进型，射程将从200公里延长到300公里，主要针对的目标是钓鱼岛和宫古海峡。\r\n\r\n日本问题专家刘华表示，安倍政府自上台以来，改变了过去十年的防卫预算持续下降的态势。2017年防卫预算的增幅将创下历史纪录，这一方面反映了安倍明显的扩军和加强军事建设的决心，另一方面也显示安倍在国内已拥有相当大的政治资源，在整体财政非常困难的情况下，还能把主要资源投到军费上。可以预计，在安倍长期执政的背景下，日本未来的军费预算还会有较大幅度增长。\r\n\r\n“关于日本军费的投放重点，我们注意到日方在有针对性地发展非对称作战装备，比如反舰导弹以及远程打击武器等。” 刘华说，日本国内存在一种论调，认为日方不仅要拥有300公里反舰导弹，还要研发巡航导弹甚至弹道导弹。美国前几年对韩国拥有弹道导弹的限制放宽到了800公里射程，由于日本有比较完善的弹道导弹和火箭生产的基础，如果未来美国对日本采用同样的政策，那么，日本可以在短时间内就发展出800公里以下射程的弹道导弹。随着日本军费的快速增长，其主战装备也必然会有新一轮的升级。', '1', '2016-08-24 10:51:11', '日防卫预算创新高 专家:发展非对称装备针对中国');
INSERT INTO `message` VALUES ('12', '据外媒报道，俄罗斯国家航天事务集团22日确认，该机构决定以苏联航天飞机所用的火箭技术改进现有火箭发动机，在今后5年至7年间研制出近地轨道运载能力达160吨的超重型运载火箭。这将是全球最大的运载火箭。\r\n\r\n按照设想，俄罗斯未来的首批超重型火箭的运载能力将达120吨，进一步增强推力后能把160吨的载荷发射上近地轨道，为月球考察做准备。\r\n\r\n此前，俄航天界曾有专家主张全新研制氢燃料的“安加拉A5B”型运载火箭，但俄国家航天事务集团与负责火箭研发的“能源”火箭航天集团商议后认为，研制“安加拉A5B”火箭需开发新技术，耗资巨大，因此这两家机构最终决定舍弃氢燃料火箭研发，转而采用较成熟的液氧-煤油运载火箭。\r\n\r\n“能源”火箭航天集团总经理索恩采夫表示，为实施月球考察计划而研制的俄超重型运载火箭，将借鉴1988年苏联发射航天飞机时采用的“能源”运载火箭的技术，当时这种火箭的近地轨道运载能力为100吨。\r\n\r\n“能源”运载火箭中转移出来的相关技术，将用来改进俄“格鲁什科”科学生产公司制造的RD-171型火箭发动机，使其能够驱动新的超重型运载火箭。\r\n\r\n上世纪苏联的“能源”和美国的“土星V”运载火箭近地轨道运载能力都达到100吨级，但目前全球已没有这一量级的超重型运载火箭。', '1', '2016-08-24 10:51:40', '俄将研全球最大超重型运载火箭 为月球考察准备');
INSERT INTO `message` VALUES ('13', '外媒称，俄罗斯正在修建大量地下核指挥掩体，这再次表明俄罗斯正在推进大规模的战略部队现代化计划。\r\n\r\n据美国华盛顿自由灯塔网站8月15日报道称，美国的情报官员说，莫斯科和俄罗斯各地的“数十个”地下掩体的建设工程已进行了几年。\r\n\r\n与此同时，美国欧洲司令部司令柯蒂斯·斯卡帕罗蒂将军警告说，俄罗斯采用了一套他称之为“让人惊恐”的核使用理论。\r\n\r\n斯卡帕罗蒂在美国战略司令部主办的大会上说：“俄罗斯显然在使自己的战略部队现代化。”\r\n\r\n斯卡帕罗蒂7月27日说：“俄罗斯的理论表明，战术核武器可能会用在常规的响应方案中。这令人惊恐，它证明了美国核力量和北约核力量依旧是我们威慑力的关键组成部分。”\r\n\r\n前五角大楼核政策官员马克·施奈德说，俄罗斯去年12月公布的新国家安全战略讨论的是加强抵御核袭击的民防设施，这表明莫斯科正在备战核战争。\r\n\r\n目前效力于弗吉尼亚国家公共政策研究所的施奈德说：“俄罗斯正在备战一场大规模的他们认为会诉诸核力量的战争，并且是由他们首先发起攻击。”\r\n\r\n他还说：“我们对准备一场大战都不认真，更不用提核战了。”\r\n\r\n此外，俄罗斯官员一直在发出核威胁。\r\n\r\n他说：“他们披露的大量事情都与核威胁和核战争有关。”\r\n\r\n俄罗斯正在进行大规模的战略核力量的建设，制造新导弹，潜艇和轰炸机。美国国务院春季发表的有关俄罗斯在《新削减战略武器条约》下的活动的报告称，莫斯科根据该条约给其核武库增添了153枚战略核弹头。\r\n\r\n据说，核弹增加是因为部署了新型多弹头的“亚尔斯”洲际弹道导弹以及“布拉瓦”潜射导弹。\r\n\r\n除新导弹外，俄罗斯还在制造代号“卡尼翁”的无人潜艇，据说设计目的是要携带兆吨级的弹头。莫斯科还在推进新型超音速飞行器的研发，它可以携带核弹，并能有效地突破先进的导弹防御系统。\r\n\r\n公共政策研究所的一份报告得出结论称，俄罗斯扩大核力量的一个理由是播下对莫斯科畏惧的种子。\r\n\r\n报告说：“俄罗斯领导人显然认为核武器是让世界‘惧怕’或至少尊敬俄罗斯的最终途径，是提供政治影响力的最终途径，目的是要恐吓、胁迫和威慑西方国家，让它们不敢试图军事干预俄罗斯的扩张主义。”\r\n\r\n许多军事分析家说，美国对俄罗斯地下核结构可能作出的反应包括研发能置俄罗斯指挥结构于危险之中的深侵彻炸弹。\r\n\r\n核专家提出的另一个方案是研发用于精确打击的低当量核武器。\r\n\r\n有关这些新的地下核掩体很少有细节披露。俄罗斯官方媒体的报道称，作为扩充战略力量的一部分正在莫斯科构建地下掩体。\r\n\r\n俄罗斯国防部1月披露，今年将向战略部队交付一套现代化的指挥与控制系统。\r\n\r\n俄罗斯新闻社将这套系统描述为第5代先进的指挥与控制系统。\r\n\r\n国防部发言人德米特里·安德烈耶夫少校说，这套俄文缩写为IASBU的新系统将利用数字信号来发出作战指令和控制战略部队。\r\n\r\n安德烈耶夫少校说：“第5代先进的一体化自动化的作战控制系统正在军工企业进行测试，”他还说，到年底导弹部队将装备先进的控制站和先进的战略导弹系统。\r\n\r\n新系统将在新的SS-27洲际导弹部队使用，将提供更大的安全性以使命令传达到这些部队。\r\n\r\n一位官员说，新的地下核设施显然与早前在冷战时期构建的指挥与控制综合体相类似。俄罗斯在苏联1991年解体后也在继续构建地下核设施。\r\n\r\n中情局1997年3月的报告称，建设项目包括一套地铁系统，从当时的总统叶利钦位于莫斯科郊外的官邸一直通到一座领导指挥中心。\r\n\r\n中情局有关该设施的报告说：“这座地下建筑显然要比先前估计的大。（1996年）就叶利钦领导下的一个监管地下设施建设的应急计划机构颁布了3项政令，这些政令表明，莫斯科地区的项目旨在在核战中保持领导层的延续性。”\r\n\r\n报告称，当时建设中的工程是“一座位于科斯温斯基山的有核生存力的战略指挥所”，它建在莫斯科以东约850英里（1英里约合1.6公里）的乌拉尔山脉深深的地下。\r\n\r\n亚曼套山的卫星照片披露了一座“深入地下的建筑物”的建设状况以及地上辅助区新建工程的状况，亚曼套山也在莫斯科以东约850英里的乌拉尔山脉中，在别洛列茨克附近。亚曼套山用当地巴什基尔语的意思是“邪恶之山”。\r\n\r\n中情局的报告说：“科斯温斯基山指挥所显然让俄罗斯人有了对核攻势实施报复的手段。”报告还说，俄罗斯人正建设或翻新莫斯科市内的4座设施，一旦发生核冲突，它们将成为俄罗斯政府高级领导人的容身之所。\r\n\r\n中情局发现了供俄罗斯领导人用的一座掩体在莫斯科以南约46英里的沃罗诺沃。另一座位于沙拉波沃的掩体甚至配有一条直达地铁专线。沙拉波沃距离莫斯科约34英里。\r\n\r\n备战核战的工作估计耗资数十亿美元，这令人对美国过去对莫斯科提供的援助产生了质疑，援助目的是为了帮助确保俄罗斯核设施的安全性。（编译/郭明芳）', '1', '2016-08-24 10:52:11', '美媒：俄积极备战先发制人核大战 恐吓西方');
INSERT INTO `message` VALUES ('14', '近日，国产新型远洋补给舰的建设画面再次曝光，从现场画面来看该舰的建造已接近尾声。据悉，该舰属于新设计的901型补给舰，是专门为航母编队建造的，也是我国第一艘四万吨级的补给舰，比正在批量建造的903型整整大一倍，航速也有了大幅提升。（鸣谢：超大军事 魔牛小队）', '1', '2016-08-24 10:52:40', '航母奶妈：国产4万吨级大型补给舰即将完工');
INSERT INTO `message` VALUES ('16', '东风-31的前身是东风-22远程战略导弹，而东风-22又是在东风-14远程战略导弹的基础上发展而来的，1978年8月，东风-14正式更名为东风-22远程战略导弹。东风-22采用液体火箭发动机、最大射程为8000公里、可携带重量为700公斤的核弹头，射程可覆盖当时主要假想敌苏联的全境和美国的西海岸，也是东风-4远程战略导弹的换代产品。经过6年多的研制，到1984年底，东风-22导弹的初步设计、试生产任务均已完成。然而考虑到固体燃料导弹比液体燃料导弹更适于机动作战，加之当时美苏等核大国早已不再发展液体燃料弹道导弹，因此1985年1月中央决定停止东风-22导弹的研制，集中力量进行东风-31导弹的研制工作。\r\n\r\n东风-31是中国第一种采用固体燃料的远程战略导弹，最大射程为8000公里、可携带重量为700公斤的核弹头。由于技术跨度较大，东风-31导弹的研制工作长达14年，先后攻克了固体燃料火箭发动机、高精度惯性导航、核弹头小型化、复合材料、快速机动发射和弹头再入段防热等技术难关。1999年8月2日，东风-31远程战略导弹成功进行了飞行试验。时隔不到两个月，在天安门广场举行的国庆50周年阅兵式上，3枚东风-31远程战略导弹作为最后一个受阅装备方队压轴登场，也宣告了中国新一代战略核武器已列装第二炮兵部队。\r\n\r\n按照我国的弹道导弹划分标准，洲际弹道导弹的最大射程要求在8000公里以上，所以说东风-31仅能列入远程弹道导弹之列，而且其8000公里的最大射程只能勉强覆盖美国西海岸，战略威慑能力严重不足。而就在这一时期，一起重大间谍案的发生，几乎改变了东风-31导弹的命运。\r\n\r\n沃维汉，化名“杨东”，男，达斡尔族，1948年8月28日生，黑龙江省齐齐哈尔市人，研究生文化，原系北京北医科泰药物载体技术有限公司首席科学家。郭万钧，男，汉族，1942年11月1日生，天津市人，大学文化，原系中国航天科技集团公司第一研究院第十五研究所研究员。而第十五研究所是以航天发射地面设备的研制为主的工程设计研究所，又称“北京航天发射技术研究所”，涉密程度较高。1987年，沃维汉被国家公派到德国慕尼黑大学留学，1989年在德留学期间，被策反加入台湾间谍组织“军事情报局”。\r\n\r\n回国经商期间，一次偶然的机会，沃维汉结识了自己的远房亲戚郭万钧。在了解到郭万钧的工作性质后，沃维汉根据“军事情报局”的指示，利用金钱收买和远房亲戚关系，将郭万钧逐步拉下了水，从郭万钧处获取了大量有关东风-31远程战略导弹的绝密情报。为了加强理解，郭万钧还亲自为沃维汉“授课”，讲解导弹相关知识，并由沃维汉总结编写成“情报”。这些情报被携带出境后转交给台湾“军事情报局”，而最终又由台湾当局转交给了美国，美国方面对此情报极为重视，进行了长期的分析解读。\r\n\r\n2005年5月5日，沃维汉和郭万钧被我国家安全机关依法逮捕，2007年5月24日，沃、郭二人被北京市第二中级人民法院一审判处死刑、剥夺政治权利终身、并处没收个人全部财产。一审后，沃、郭二人均提出上诉，但被北京市高级人民法院驳回上诉、维持原判。经最高人民法院核准，2008年11月28日，沃、郭二人被执行死刑。沃维汉、郭万钧间谍窃密案对国家安全与国防建设造成了特别巨大的危害，后果非常严重。美国一旦掌握了东风-31导弹的关键数据，就可以有针对性的改进自己的反导系统，战时就可以快速发现、稳定跟踪、有效拦截，中国耗费巨资建立的战略核威慑力量就有失效的危险。\r\n\r\n因此，在东风-31的基础上研制东风-31甲洲际弹道导弹就显得非常关键。2002年11月22日，东风-31甲洲际弹道导弹首次飞行试验取得圆满成功，2006年底正式装备部队。东风31甲通过对发动机、制导系统和弹头的改进，性能上有了很大的提高，最大射程增加到11500公里以上，实现了从远程导弹到洲际导弹的巨大跨越，同时也是对东风-31导弹关键数据泄密的补救措施。', '1', '2016-08-24 10:53:30', '间谍沃维汉郭万钧为何必须判死刑？');
INSERT INTO `message` VALUES ('17', '美国到底担心什么？《韩民族新闻》22日称，中国军事基地附近的美国及法国军事基地，正在通过无人机对中国军事基地进行全面监视。吉布提美军基地司令官库尔特·桑塔格对中国军事基地的存在表现出“难以接受的”反应，他说，“我们完全依赖吉布提政府来确保任何带有敌对性质的力量被隔离”。五角大楼预计，中国今后10年将会拥有几个海外军事基地。阿曼塞拉莱港是最有可能成为中国海外军事基地的地方，塞舌尔群岛、巴基斯坦卡拉奇也是非常有可能的。\r\n\r\n《华尔街日报》称，有分析认为，中国在吉布提的军事存在也是为了监视其他国家的行动。美国在吉布提的柠檬园基地靠近吉布提的主要机场，机场跑道上经常可以看见美国军机起降。美方表示，中国不能在自己的军事基地上发展包括无人机在内的军用飞机。但是中国已经向吉布提空军提供了由中国飞行员驾驶的飞机。中国向吉布提方面提供了一架涡轮螺旋桨飞机一事引起美国的不安，美国军方称曾看到这架飞机在美国无人机使用的跑道旁降落。\r\n\r\n韩国《每日经济》22日报道称，随着中国在非洲吉布提的首个海外军事基地建设步入快车道，当地的军事紧张氛围也在增强。吉布提美军基地距离中国基地仅有十几公里，美方正在为中国在该地区的军事扩张焦虑不已。有美国军事专家表示，中国正在采取攻势，有一点非常明确，那就是中国正在谋求成为世界最强大的国家。\r\n\r\n美国“市政厅”网站称，现在的中国正在展示肌肉，但长远来看，结局还要拭目以待。有两个因素会影响中国全球战略的大棋局。一个是中国经济增速放缓，并面临劳动力数量下降危机。另一个是一旦陷入各种冲突，中国的军事、政治和经济资源会出现损耗。\r\n\r\n中国海军军事学术研究所研究员张军社认为，美国是在世界上拥有海外基地最多的超级大国。根据2013年美官方发布的报告显示，美军在40多个国家有将近600个海外军事基地，有40多万美军在海外基地驻扎。法国、英国海外基地数量紧随其后，但数量上有较大差距。俄罗斯在苏联解体后，随着经济和军事实力下降，海外基地大幅收缩。最近10年，俄罗斯逐渐在恢复使用一些军事基地。“特别要注意的是，日本2011年在吉布提建立了永久性军事基地，这也是二战后日本首次在海外建立军事基地，部署了陆地、海上、空中三支自卫队力量。日本的举动才应该引起世界关注。”（张朋辉 韩晓明 王伟 郭媛丹 任重）', '1', '2016-08-24 10:53:57', '五角大楼：中国今后10年将拥有几个海外军事基地');
INSERT INTO `message` VALUES ('18', '人民网北京8月22日电（记者黄子娟）据日媒报道，中国在钓鱼岛西北大约300公里的南麂列岛新建军舰码头，并有可能将大型气垫登陆艇“野牛”部署在此处。军事专家尹卓在接受央视《今日亚洲》采访时表示，“野牛”气垫登陆艇机动部署性能很强，如果战时钓鱼岛有事，需要“野牛”干预，当然可以从南麂列岛出发。\r\n\r\n日本无权干涉中国在南麂列岛的建设\r\n\r\n当地时间8月19日，日本共同社援引所谓知情人士的话报道称，中国在钓鱼岛西北大约300公里的南麂列岛新建了军舰码头。据相关人士透露，该码头建在南麂列岛中最大的南麂岛上，长约70-80米，装卸车辆与物资的登陆舰也可停靠使用。\r\n\r\n据悉，南麂列岛位于浙江省鳌江口外30海里的东海上，隶属温州市平阳县，列岛由大小52个岛屿组成，区域总面积为200平方公里。\r\n\r\n事实上，这已经是日本媒体近年来第二次炒作所谓中国在钓鱼岛附近修建军事设施一事，早在2014年12月，同样是日本共同社就发布过所谓独家消息，称中国已经在南麂列岛上安装了雷达，并正在修建直升机起降平台。而一直习惯于与日本一唱一和炒作中国军事威胁的美国媒体也很快跟进。华盛顿自由灯塔网站2015年1月公布了两张由空客防务与空间公司卫星拍摄的照片称，中国在南麂岛上的机场已经足够停放10架直升机，此外岛上还建设起了风力发电机。\r\n\r\n对于日美媒体的相关报道，中国军方早在2015年1月就作出了公开回应。国防部新闻发言人杨宇军表示：“我们在南麂列岛进行的有关建设活动，那是在我们中国自己的领土上，可以说是在我们自己的家里面进行的一些正当的建设活动，所以，大家没有必要去做过多地解读。”\r\n\r\n尹卓认为，南麂列岛是中国沿海岛屿，日本无权对中方在自己领土上的建设指手画脚。这里属于中国近岸防御的范围，需要建设军事设施，况且这些设施只是后勤保障设施，对日本不构成威胁。相反，日本一边加强西南岛屿防御，封锁第一岛链，一边却炒作中国南麂列岛的建设，这完全是在玩政治伎俩。\r\n\r\n“野牛”机动部署能力很强\r\n\r\n美国智库专家里克·费舍尔此前对华盛顿自由灯塔网站表示，在南麂列岛的直升机平台等设施证明，中国军队正在准备以钓鱼岛为对象的军事行动。此外，中国很有可能将大型气垫登陆艇“野牛”部署在此处。等围绕钓鱼岛发生冲突时，这种登陆艇有能力运送大量兵力和坦克等装备。\r\n\r\n“野牛”气垫登陆艇全长达57米，两侧舷宽达22米，最大运载能力超过130吨，是目前世界上最大的气垫登陆艇，可将一个营级规模的部队投送到500公里外的岛屿上，最大航速超过60节。该型号登陆艇可以在80%以上的暗滩实施登陆作战，远高于普通登陆舰船。\r\n\r\n中国真的会在距离钓鱼岛300公里的地方部署这款装备吗？尹卓认为，在南麂列岛是否有必要部署“野牛”气垫登陆艇，这是军事技术问题，不属于战略性问题，也不是政治问题，美媒如此炒作没有任何的意义。“野牛”作战半径大概在500海里范围内，在舟山群岛周边任何港口部署，其作战半径均可覆盖钓鱼岛。\r\n\r\n“‘野牛’是一款不需要很大港口就可停泊的舰艇，若战时临时靠泊南麂列岛，也是正常现象。”尹卓说，如果战时钓鱼岛有事，需要“野牛”干预，当然可以从南麂列岛出发。但是，由于“野牛”有很强的机动部署能力，平时没有必要一定部署在南麂列岛。', '1', '2016-08-24 10:54:41', '尹卓：若钓鱼岛有事 “野牛”可从南麂列岛出发');
INSERT INTO `message` VALUES ('19', '近日，日本内阁批准了2016年度《防卫白皮书》。新版白皮书厚达500多页，高调宣传新安保法通过后日本防卫政策调整、自卫队职能任务拓展和日美同盟关系强化等新变化，大肆炒作“中国威胁论”。\r\n\r\n观海解局记者注意到，8月19日《解放军报》就对此刊文评论称，同近年来的版本一样，《防卫白皮书》充满偏执虚伪和强词夺理之词，沦为日本右翼政府实现其政治目标的文字工具，“是皮白心黑”。\r\n\r\n新安保法设在卷首将其作为“头等大事”\r\n\r\n自上世纪90年代中期开始，日本《防卫白皮书》开始暗示中国是日本周边“不透明和不稳定的因素”。2012年，日本推行钓鱼岛“国有化”后，每年的白皮书都会有指责中国在东海的海洋活动的内容。2015年，白皮书又开始增加对中国在南海活动的指责。\r\n\r\n据《解放军报》报道，新版白皮书在卷首位置设有专栏，大力宣传新安保法的通过与施行情况，并将其作为2016年度国防领域“头等大事”。\r\n\r\n日本原防卫大臣中谷元在白皮书中表示，“依据新安保法，日本将进一步提升预防和遏制武装冲突的防卫能力，以无缝应对各种事态”，为此，“必须继续推进联合机动防卫力量建设，有效发挥防卫力量慑止和应对冲突的职能”。\r\n\r\n据观海解局记者了解，去年9月，日本国会通过11份“安全保障相关法”，即“新安保法”，并于今年3月起正式开始施行。具体来讲，新安保法由两部分组成，即对10份现有法律进行修订，包括《自卫队法》等，以及新制定的海外派兵基本法《国际和平支援法》。\r\n\r\n而新安保法的目的就是为了获得从平时到“有事”时、从本土到周边再到全球“自由对外使用武力”的权限，从而使日本绕过和平宪法束缚，初步实现长期追求的“军事正常化”目标。\r\n\r\n日美可随意选择共同使用武力时机与借口\r\n\r\n据军报8月19日报道，新版白皮书重申日美同盟体制对于确保日本的和平与安全、维持日本周边地区和平与稳定、塑造更加稳定的全球安全环境，具有不可替代的作用，明确强调日美军事合作的全球指向。\r\n\r\n同时，白皮书还介绍了日美通过新版《日美防卫合作指导方针》、日美强化同盟关系的举措以及驻日美军情况。日美2014年发布的新版防卫合作指针，集中反映了近年来日美同盟关系的深刻调整。\r\n\r\n与1997年版本的防卫合作指针相比，日美军事合作发生了重要变化。合作时机从“平时、日本有事、周边事态”三种情形，调整为“包括介于战与不战之间的灰色地带事态在内的平时、日本周边乃至全球发生的所谓重要影响事态、针对日本的武力攻击事态、针对日本以外国家的所谓存亡危机事态以及日本发生大规模灾害”五种情形。换言之，今后日美可以根据双方需要，随意选择共同使用武力的时机与借口。', '1', '2016-08-24 10:55:21', '日发布新版防卫白皮书 准备与美充当国际警察');
INSERT INTO `message` VALUES ('20', '美国“截击”网站19日证实，根据“棱镜”监听项目曝光者、美国前防务承包商雇员爱德华·斯诺登提供的最新文件，美国国家安全局网络“武器库”近日遭黑客组织侵入，业已泄露的文件显示，美国网络攻击目标中包括中国公司。\r\n\r\n“截击”网站由率先曝光斯诺登事件的前英国《卫报》记者格伦·格林沃尔德创建，旨在以新闻报道形式公开斯诺登曝光的文件。\r\n\r\n8月13日，黑客组织“影子中间人”通过社交平台宣称攻入美国国家安全局网络“武器库”——“方程式组织”并泄露其中部分黑客工具和数据。根据斯诺登提供的文件，可以确认这些工具是美国国家安全局软件，其中部分软件属于秘密攻击全球计算机的强悍黑客工具。\r\n\r\n部分泄露文件显示，这些黑客工具针对的目标包括思科、瞻博网络、飞塔等公司路由器和防火墙产品，中国信息安全公司天融信也在黑客工具攻击目标之列。斯诺登提供的文件还显示，美国国家安全局在巴基斯坦、黎巴嫩的行动中使用过目前已被泄露的一些“网络武器”。\r\n\r\n俄罗斯网络安全厂商卡巴斯基去年发布监测报告说，“方程式组织”开发机构已经活跃近20年，是全球技术“最牛”的黑客组织之一。而据媒体报道，“方程式组织”与美国国家安全局关系密切，是一个该局可能“不愿承认的”部门，这在黑客圈几乎是尽人皆知的秘密。\r\n\r\n“方程式组织”相关文件被泄露事件在网络安全领域掀起轩然大波。一些专家认为，这是为了让美国政府颜面扫地而精心炮制的骗局。另一些专家则表示，他们在对泄露的数据、漏洞和黑客工具进行分析后认为，这一事件的可信度非常高。\r\n\r\n美国国家安全局尚未就这一事件做出回应。', '1', '2016-08-24 10:56:10', '斯诺登证实美黑客攻击中国 与美国安局关系密切');
INSERT INTO `message` VALUES ('21', '日欲“祸水南引”我则“移师北上”\r\n\r\n李杰\r\n\r\n日本外相岸田文雄刚离开菲律宾尚不足一星期，嚷嚷很长时间的那份东京“援助”马尼拉的大礼——新型巡逻艇首艇，便入役菲海岸警卫队。日本似乎有点“意犹未尽”，再度高调宣布：今后还将继续通过“官方”增加援助，为菲律宾提供10艘巡逻艇及其他武器，以强化菲海上执法能力。\r\n\r\n日本如此“济贫救困”，最重要目的是竭力要建立英国式的美日同盟，故而一切唯美国战略马首是瞻。\r\n\r\n当然，抹黑中国、搅浑南海，则是日本的又一图谋;对于中国的持续发展及“利益拓展”，日本一直耿耿于怀，甚至到了“逢中必反”的地步。\r\n\r\n至于“祸水南引”、声南击东，更是东京一些人士的如意算计。多年来为了减轻东海方向尤其是钓鱼岛面临的压力，日本可谓处心积虑，一步步将祸水引向南海。其实，日本进行一系列小动作的同时，还怀揣着自己的“小九九”：欲使自己成为一个所谓“正常国家”，希冀搭上美国舰机“自由出入”南海的顺风车，将其海上、航空自卫队的兵力兵器“常态化”航行、飞越于南海，并由此走向世界。\r\n\r\n日本大肆向南海周边国家“支援”和租售巡逻艇、反潜机等各种武器装备，加大与美国、印度等国在南海的联合演习和巡逻的规模和力度，使得我周边近海形势险象丛生，其目的在于全面震慑和扼控中国。还在日美咄咄逼人、自鸣得意之时，我对日本的“南下”行径，早就谋定而动，多策应对。\r\n\r\n针对日美近些年来的亚太乃至南海“对冲战略”，我最宜采取的莫过于“反对冲战略”：即在与日美继续保持正常商贸往来的同时，进一步加大双边对话与交流，重新构建彼此间政治互信，而对日美在南海及相关海域的错误言行，必须予以坚决的批判与斗争。不过，对于日美破坏地区安全，加紧对我实施军事威慑与围堵，我则要进行坚决的反对和抗击，可以进行有力的反威慑与反围堵。下一阶段，中俄南海联合海军军事演习正是如此。\r\n\r\n“声东击西，出奇制胜”，历来为中国军事家的传统策略。对于日本近年来“频下南海”行动，我们不妨换个思路，来个“移师北上”。例如，我海空兵力可适时进入日本海，进行大规模的海上训练、实施海上实兵对抗演练等。前两天，参加“2016年环太军演”的中国海军舰艇编队与东海舰队另一支编队，分别进入日本海展开“背靠背”贴近实战环境的海上对抗演习。这是一场在相对陌生，却极为贴近日本本土广阔海域里所展开的“海上博弈”，日本、美国等均高度紧张，猜忌连连;因为长期以来，日本某种程度上把这片海域视为“自己的后院”，十分忌惮他国海上力量染指其间;美国由于在日本、韩国部署有大量的军事基地，也“格外担心”自己的舰艇、飞机等在此遭受他国袭扰而受损。从外电分析报道来看，这次中国海军的“北上”演习行动，已产生了效果和作用。\r\n\r\n2013年7月3日中国海军5艘舰艇穿过对马海峡北上航行，14日穿过了北海道的宗谷海峡;7月25日，穿过冲绳本岛和宫古岛之间海域返回东海海域。当时这支编队首次绕日本列岛航行一周的举动，曾令东京“心惊肉跳”。这种主要穿越、航经“非领海海峡”，军用舰艇、飞机采取自由通过的行为，可以说颇有点“不战而屈人之兵”的警示和震慑意味。(作者是中国海军军事专家)', '1', '2016-08-24 10:56:50', '李杰：日本声东击西“祸水南引”中国可移师北上');
INSERT INTO `message` VALUES ('22', '日本共同社8月21日报道，该社20日获悉，中国驻日大使程永华6月下旬左右曾向日本政府高官表示，如果派遣自卫队参加美军在南海实施的“航行自由”行动，那么日本就是跨越了中国不可退让界线，中方对此绝不容忍。\r\n\r\n程永华似乎还暗示将使用军事手段对抗，对日美防务部门在南海加强合作加以制约。多名中日外交相关人士透露了该消息。\r\n\r\n有分析指出，程永华上述言论的目的可能是为了在否定中国在南海主权主张的常设仲裁法院仲裁结果公布的7月之前，通过加大对日施压，阻止日本干涉南海问题。\r\n\r\n共同社称，中日韩外长会谈预计本月23日和24日在东京举行，三方正在展开协调。中国外交部长王毅可能届时参加会谈，作为外交部长首访日本。在与日本外相岸田文雄的双边会谈中，预计王毅也可能会对“日本插手南海问题”（中国外交部语）大加制约。\r\n\r\n共同社称，关于美国向中国建造的人工岛周边派出军舰的“航行自由”行动，日本政府虽然不计划参加，但对于基于安全保障相关法护卫美国军舰一事，则以“仅限有益于防卫我国的场合，在（不与美军）一体化行使武力的范围内能够付诸实施”，未否定向南海派遣自卫队的可能性。日美与中国的对立今后似乎还将继续下去。\r\n\r\n共同社援引外交相关人士透露，程永华在东京与日本政府高官会谈时，要求日方不要在南海迈出以排除中国为目的与美军共同军事行动的一步。他还表示中国不会在主权问题上让步，也不害怕军事挑衅。有意见指出，该发言似在暗示中方将采取派遣军舰等强硬姿态进行应对。\r\n\r\n共同社称，日本政府高官在会谈中介绍了不参加美军作战的日本基本立场，同时也对在南海推进军事基地化的中国提出强烈批评。\r\n\r\n6月，中国海军军舰进入钓鱼岛24海里毗连区范围，6月9日，时任外务事务次官的斋木昭隆在外务省召见中国驻日大使程永华，告知若中国军舰进入钓鱼岛领海，则“将采取必要行动”。该发言可被视为暗示将出动海上自卫队。\r\n\r\n共同社称，外务省官员指出，程永华6月下旬的上述发言可能意在抗衡斋木暗示的日方“不可退让的界线”。', '1', '2016-08-24 10:56:53', '中国大使：日本自卫队赴南海是不可容忍的红线');
INSERT INTO `message` VALUES ('32', '222222', '77', '2016-08-25 10:37:47', '111');
INSERT INTO `message` VALUES ('33', '456', '77', '2016-08-25 10:49:29', '123');
INSERT INTO `message` VALUES ('34', '记录', '110', '2016-08-25 10:57:00', '记录');
INSERT INTO `message` VALUES ('37', '', '110', '2016-08-25 11:23:39', '');
INSERT INTO `message` VALUES ('38', '', '77', '2016-08-25 11:48:47', '');
INSERT INTO `message` VALUES ('39', 'gdhd', '77', '2016-08-25 11:49:55', 'gdhdh');
INSERT INTO `message` VALUES ('41', '', '77', '2016-08-25 12:47:45', '');
INSERT INTO `message` VALUES ('46', '退了', '110', '2016-08-25 18:04:13', '技术');
INSERT INTO `message` VALUES ('48', '哈哈哈', '77', '2016-08-25 22:01:20', '别是');
INSERT INTO `message` VALUES ('49', 'jsjsh', '110', '2016-08-25 22:23:29', 'dgdg');
INSERT INTO `message` VALUES ('50', '兰世立', '77', '2016-08-25 23:32:31', '测试');
INSERT INTO `message` VALUES ('51', '哈哈', '11', '2016-08-25 23:39:51', '鬼故事');
INSERT INTO `message` VALUES ('52', '', '11', '2016-08-25 23:40:44', '来');
INSERT INTO `message` VALUES ('53', '岳普湖', '11', '2016-08-25 23:42:53', '进去');
INSERT INTO `message` VALUES ('54', '岳普湖', '11', '2016-08-25 23:42:56', '进去');
INSERT INTO `message` VALUES ('55', '岳普湖', '11', '2016-08-25 23:42:59', '进去');
INSERT INTO `message` VALUES ('57', 'cjfj', '77', '2016-08-25 23:45:28', 'hdbd');
INSERT INTO `message` VALUES ('64', '', '77', '2016-08-25 23:47:26', '');
INSERT INTO `message` VALUES ('69', '', '77', '2016-08-25 23:48:02', '');
INSERT INTO `message` VALUES ('70', 'fbbb', '77', '2016-08-25 23:48:13', 'ngfc');
INSERT INTO `message` VALUES ('71', 'fbbb', '77', '2016-08-25 23:48:18', 'ngfc');
INSERT INTO `message` VALUES ('77', 'hb', '77', '2016-08-25 23:54:25', 'hg');
INSERT INTO `message` VALUES ('78', 'hb', '77', '2016-08-25 23:54:53', 'hg');
INSERT INTO `message` VALUES ('79', 'hb', '77', '2016-08-25 23:55:05', 'hg');
INSERT INTO `message` VALUES ('80', 'shjgcbhfhhtvvjudnychvjbggsghff', '77', '2016-08-25 23:56:10', 'hbb');
INSERT INTO `message` VALUES ('81', 'shjgcbhfhhtvvj', '77', '2016-08-25 23:56:24', 'hbb');
INSERT INTO `message` VALUES ('82', 'shjgcbhfhhtvvj', '77', '2016-08-25 23:56:31', 'hbb');
INSERT INTO `message` VALUES ('84', 'shjgcbhfhhtvvj', '77', '2016-08-25 23:56:48', 'hbb');
INSERT INTO `message` VALUES ('85', 'shjgcbhfhhtvvj', '77', '2016-08-25 23:57:04', 'hbb');
INSERT INTO `message` VALUES ('86', 'hdh', '77', '2016-08-25 23:59:47', 'jdh');
INSERT INTO `message` VALUES ('87', 'hdh', '77', '2016-08-25 23:59:51', 'jdh');
INSERT INTO `message` VALUES ('88', '', '77', '2016-08-26 09:04:01', '用咯我快也');
INSERT INTO `message` VALUES ('89', '哈哈哈', '77', '2016-08-26 09:49:27', '哈哈');
INSERT INTO `message` VALUES ('90', '', '77', '2016-08-26 13:40:29', '');
INSERT INTO `message` VALUES ('91', '', '77', '2016-08-26 13:40:34', '');
INSERT INTO `message` VALUES ('94', '真的吗？假的', '11', '2016-08-27 00:42:03', '我喜欢你');
INSERT INTO `message` VALUES ('96', '请家长们查阅。', '1', '2016-08-27 08:29:58', '本次期末考试成绩已出');
INSERT INTO `message` VALUES ('97', 'woshliuyan', '77', '2016-08-27 09:01:19', 'woshifasong');
INSERT INTO `message` VALUES ('98', 'fdhc', '110', '2016-08-27 09:11:47', 'ghsj');
INSERT INTO `message` VALUES ('99', 'bdjfk', '77', '2016-08-27 09:13:45', 'hdjjd');

-- ----------------------------
-- Table structure for message_receiver
-- ----------------------------
DROP TABLE IF EXISTS `message_receiver`;
CREATE TABLE `message_receiver` (
  `message_id` int(11) NOT NULL,
  `receiver` int(11) NOT NULL,
  `has_read` tinyint(1) DEFAULT '0',
  PRIMARY KEY (`message_id`,`receiver`),
  KEY `receiver` (`receiver`),
  CONSTRAINT `message_receiver_ibfk_1` FOREIGN KEY (`message_id`) REFERENCES `message` (`id`) ON DELETE CASCADE ON UPDATE CASCADE,
  CONSTRAINT `message_receiver_ibfk_2` FOREIGN KEY (`receiver`) REFERENCES `user` (`id`) ON DELETE CASCADE ON UPDATE CASCADE
) ENGINE=InnoDB DEFAULT CHARSET=utf8mb4;

-- ----------------------------
-- Records of message_receiver
-- ----------------------------
INSERT INTO `message_receiver` VALUES ('2', '1', '1');
INSERT INTO `message_receiver` VALUES ('2', '84', '1');
INSERT INTO `message_receiver` VALUES ('3', '85', '0');
INSERT INTO `message_receiver` VALUES ('22', '1', '1');
INSERT INTO `message_receiver` VALUES ('22', '83', '0');
INSERT INTO `message_receiver` VALUES ('22', '86', '0');
INSERT INTO `message_receiver` VALUES ('22', '87', '0');
INSERT INTO `message_receiver` VALUES ('32', '11', '0');
INSERT INTO `message_receiver` VALUES ('32', '102', '0');
INSERT INTO `message_receiver` VALUES ('32', '103', '0');
INSERT INTO `message_receiver` VALUES ('33', '1', '1');
INSERT INTO `message_receiver` VALUES ('33', '87', '0');
INSERT INTO `message_receiver` VALUES ('34', '77', '0');
INSERT INTO `message_receiver` VALUES ('37', '77', '0');
INSERT INTO `message_receiver` VALUES ('38', '11', '0');
INSERT INTO `message_receiver` VALUES ('38', '105', '0');
INSERT INTO `message_receiver` VALUES ('38', '107', '0');
INSERT INTO `message_receiver` VALUES ('39', '11', '0');
INSERT INTO `message_receiver` VALUES ('39', '103', '0');
INSERT INTO `message_receiver` VALUES ('39', '105', '0');
INSERT INTO `message_receiver` VALUES ('39', '107', '0');
INSERT INTO `message_receiver` VALUES ('41', '103', '0');
INSERT INTO `message_receiver` VALUES ('46', '77', '0');
INSERT INTO `message_receiver` VALUES ('48', '103', '0');
INSERT INTO `message_receiver` VALUES ('48', '104', '0');
INSERT INTO `message_receiver` VALUES ('48', '107', '0');
INSERT INTO `message_receiver` VALUES ('49', '77', '0');
INSERT INTO `message_receiver` VALUES ('50', '11', '0');
INSERT INTO `message_receiver` VALUES ('50', '102', '0');
INSERT INTO `message_receiver` VALUES ('50', '103', '0');
INSERT INTO `message_receiver` VALUES ('50', '104', '0');
INSERT INTO `message_receiver` VALUES ('50', '105', '0');
INSERT INTO `message_receiver` VALUES ('50', '106', '0');
INSERT INTO `message_receiver` VALUES ('50', '107', '0');
INSERT INTO `message_receiver` VALUES ('51', '77', '0');
INSERT INTO `message_receiver` VALUES ('52', '77', '0');
INSERT INTO `message_receiver` VALUES ('53', '77', '0');
INSERT INTO `message_receiver` VALUES ('54', '77', '1');
INSERT INTO `message_receiver` VALUES ('55', '77', '1');
INSERT INTO `message_receiver` VALUES ('57', '103', '0');
INSERT INTO `message_receiver` VALUES ('57', '104', '0');
INSERT INTO `message_receiver` VALUES ('57', '107', '0');
INSERT INTO `message_receiver` VALUES ('64', '11', '0');
INSERT INTO `message_receiver` VALUES ('69', '103', '0');
INSERT INTO `message_receiver` VALUES ('69', '104', '0');
INSERT INTO `message_receiver` VALUES ('70', '103', '0');
INSERT INTO `message_receiver` VALUES ('70', '104', '0');
INSERT INTO `message_receiver` VALUES ('70', '105', '0');
INSERT INTO `message_receiver` VALUES ('70', '107', '0');
INSERT INTO `message_receiver` VALUES ('71', '103', '0');
INSERT INTO `message_receiver` VALUES ('71', '104', '0');
INSERT INTO `message_receiver` VALUES ('71', '105', '0');
INSERT INTO `message_receiver` VALUES ('71', '107', '0');
INSERT INTO `message_receiver` VALUES ('77', '107', '0');
INSERT INTO `message_receiver` VALUES ('78', '103', '0');
INSERT INTO `message_receiver` VALUES ('78', '107', '0');
INSERT INTO `message_receiver` VALUES ('79', '105', '0');
INSERT INTO `message_receiver` VALUES ('80', '107', '0');
INSERT INTO `message_receiver` VALUES ('81', '103', '0');
INSERT INTO `message_receiver` VALUES ('81', '107', '0');
INSERT INTO `message_receiver` VALUES ('82', '103', '0');
INSERT INTO `message_receiver` VALUES ('82', '104', '0');
INSERT INTO `message_receiver` VALUES ('82', '107', '0');
INSERT INTO `message_receiver` VALUES ('84', '107', '0');
INSERT INTO `message_receiver` VALUES ('85', '104', '0');
INSERT INTO `message_receiver` VALUES ('85', '107', '0');
INSERT INTO `message_receiver` VALUES ('86', '11', '0');
INSERT INTO `message_receiver` VALUES ('86', '103', '0');
INSERT INTO `message_receiver` VALUES ('86', '104', '0');
INSERT INTO `message_receiver` VALUES ('86', '107', '0');
INSERT INTO `message_receiver` VALUES ('87', '11', '0');
INSERT INTO `message_receiver` VALUES ('87', '103', '0');
INSERT INTO `message_receiver` VALUES ('87', '104', '0');
INSERT INTO `message_receiver` VALUES ('87', '107', '0');
INSERT INTO `message_receiver` VALUES ('88', '104', '0');
INSERT INTO `message_receiver` VALUES ('88', '105', '0');
INSERT INTO `message_receiver` VALUES ('89', '104', '0');
INSERT INTO `message_receiver` VALUES ('89', '106', '0');
INSERT INTO `message_receiver` VALUES ('90', '102', '0');
INSERT INTO `message_receiver` VALUES ('90', '107', '0');
INSERT INTO `message_receiver` VALUES ('91', '102', '0');
INSERT INTO `message_receiver` VALUES ('91', '107', '0');
INSERT INTO `message_receiver` VALUES ('94', '77', '1');
INSERT INTO `message_receiver` VALUES ('96', '11', '0');
INSERT INTO `message_receiver` VALUES ('96', '102', '0');
INSERT INTO `message_receiver` VALUES ('96', '103', '0');
INSERT INTO `message_receiver` VALUES ('97', '11', '0');
INSERT INTO `message_receiver` VALUES ('97', '102', '0');
INSERT INTO `message_receiver` VALUES ('97', '103', '0');
INSERT INTO `message_receiver` VALUES ('97', '104', '0');
INSERT INTO `message_receiver` VALUES ('97', '107', '0');
INSERT INTO `message_receiver` VALUES ('98', '77', '0');
INSERT INTO `message_receiver` VALUES ('99', '102', '0');
INSERT INTO `message_receiver` VALUES ('99', '107', '0');

-- ----------------------------
-- Table structure for news
-- ----------------------------
DROP TABLE IF EXISTS `news`;
CREATE TABLE `news` (
  `id` int(11) NOT NULL AUTO_INCREMENT,
  `title` varchar(255) NOT NULL,
  `type` smallint(6) NOT NULL,
  `content` text NOT NULL,
  `sender` int(11) NOT NULL,
  `is_stick` tinyint(1) DEFAULT '0',
  `status` tinyint(1) DEFAULT '1',
  `time` timestamp NOT NULL DEFAULT CURRENT_TIMESTAMP,
  `edit_time` datetime DEFAULT NULL,
  PRIMARY KEY (`id`),
  KEY `sender` (`sender`),
  KEY `status` (`status`),
  KEY `type` (`type`),
  CONSTRAINT `news_ibfk_1` FOREIGN KEY (`sender`) REFERENCES `user` (`id`) ON DELETE CASCADE ON UPDATE CASCADE,
  CONSTRAINT `news_ibfk_3` FOREIGN KEY (`status`) REFERENCES `news_status` (`id`) ON DELETE CASCADE ON UPDATE CASCADE,
  CONSTRAINT `news_ibfk_4` FOREIGN KEY (`type`) REFERENCES `news_type` (`id`) ON DELETE CASCADE ON UPDATE CASCADE
) ENGINE=InnoDB AUTO_INCREMENT=51 DEFAULT CHARSET=utf8mb4;

-- ----------------------------
-- Records of news
-- ----------------------------
INSERT INTO `news` VALUES ('8', '张海兰带队赴上海部分高校、企业学习调研', '2', '7月10日至12日，校纪委书记张海兰带领我校部分基层党委书记一行共10余人，先后赴复旦大学、同济大学、上海交通大学和中国商用飞机有限责任公司等单位就贯彻落实全面从严治党要求、“两学一做”学习教育、基层党组织建设、党风廉政建设等工作进行学习调研。\r\n\r\n\r\n\r\n在复旦大学，党委副书记尹冬梅对我校的到访表示热烈欢迎。尹冬梅介绍了复旦大学党建工作的基本情况，交流了党建工作中普遍存在共性问题及思路做法。复旦大学组织部副部长徐阳、资产经营有限公司党总支书记俞胜南、数学科学学院党委书记侯力强、航空航天系党总支书记黄岸青、纪委副书记兼监察处处长李尧鹏等结合单位实际情况，进一步详细介绍了贯彻落实全面从严治党要求、开展“两学一做”学习教育、加强基层党组织建设等方面的经验和做法。张海兰对复旦大学的热情接待表示感谢，并简要介绍了我校党建工作的经验和做法。双方与会人员就党建工作的具体问题进行了深入交流讨论。复旦大学积极开展党建创新、选配教职工专职副书记等做法，给我校到访人员留下了深刻印象。\r\n\r\n\r\n\r\n在同济大学，党委副书记、纪委书记姜富明对我校的到访表示热烈欢迎，提议同济大学和西工大等卓越联盟9校，成立党建纪检监察合作机构，建立定期交流探讨机制，进一步深化交流合作。张海兰对同济大学的热情接待表示感谢，肯定了姜富明书记的提议，表示卓越联盟9校都有宝贵的经验和做法，相互交流学习，能进一步提高联盟高校党建工作科学化水平。纪委副书记、审计监察处处长吴利瑞、组织部副部长端木怡雯、建筑与城市规划学院党委副书记刘颂、电子与信息工程学院党委副书记向阳、产业党工委书记禹克俭、离退休干部党工委副书记漏幼华等结合工作实际，分别介绍了同济大学在党建方面的经验和做法。与会人员就相关议题进行了深入交流讨论。同济大学在校属企业抓党建促发展、基层党组织建设、党工委设置等方面的经验做法，给我校到访人员留下深刻印象。\r\n\r\n\r\n\r\n在上海交通大学，党委副书记、纪委书记胡近热烈欢迎了我校的到访，介绍了学在交大、院为实体、多元评价等三大议题，并交流了暑期工作会议主题“如何使交大的人才队伍建设继续走在高校前列”及学校制度建设方面的基本情况。上海交大组织部副部长黄震、监察处副处长吴淑琴、材料科学与工程学院副书记张帆、电子信息与电气工程学院党委副书记杨一帆等结合实际，进一步介绍了党建工作的经验与做法。张海兰对上海交通大学的热情接待表示感谢，并与交大同仁交流了党建工作制度建设、党员教育管理、落实全面从严治党要求等内容。上海交大在细化落实党建工作、完善党建制度及严格落实、配优配强党建工作队伍等方面，有很好的经验和做法。\r\n\r\n\r\n\r\n\r\n\r\n7月12日下午，党委常务副书记赵瑞君一行与纪委书记张海兰一行汇合，共同走访了中国商用飞机有限责任公司。中国商飞公司副总经理刘林宗、相关部门负责人及部分商飞校友参加了座谈。双方就深化校企合作、人才培养等方面进行了深入的座谈交流。刘林宗对西工大一行表示热烈欢迎，感谢西工大多年来为中国商飞公司输送了大批优秀的人才。同时表示，中国商飞提供了良好的人才发展平台，希望今后双方能够进一步加强校企合作，共同助力中国大飞机梦想。赵瑞君回顾了学校与中国商飞的良好合作历程，强调了西工大全校师生对中国大飞机事业的关切，特别是C919和ARJ21的进展，表示西工大将继续关注和支持中国商飞公司发展，进一步深化校企合作。座谈会上，数位西工大校友代表交流了在母校学习、商飞工作的感悟。我校一行还参观了C919大型客机铁鸟试验台、展示样机、总装厂等。\r\n\r\n上海调研期间，张海兰一行还与10余位上海校友分会的杰出校友代表进行了亲切座谈，介绍了母校的最新发展情况，感谢校友们一直关心支持母校的发展。参与座谈的校友感谢母校老师的看望慰问，对学校发展提出了很好的建议，表示将一如既往关心和支持学校的发展。\r\n\r\n7月10日至12日，校纪委书记张海兰带领我校部分基层党委书记一行共10余人，先后赴复旦大学、同济大学、上海交通大学和中国商用飞机有限责任公司等单位就贯彻落实全面从严治党要求、“两学一做”学习教育、基层党组织建设、党风廉政建设等工作进行学习调研。\r\n\r\n\r\n\r\n在复旦大学，党委副书记尹冬梅对我校的到访表示热烈欢迎。尹冬梅介绍了复旦大学党建工作的基本情况，交流了党建工作中普遍存在共性问题及思路做法。复旦大学组织部副部长徐阳、资产经营有限公司党总支书记俞胜南、数学科学学院党委书记侯力强、航空航天系党总支书记黄岸青、纪委副书记兼监察处处长李尧鹏等结合单位实际情况，进一步详细介绍了贯彻落实全面从严治党要求、开展“两学一做”学习教育、加强基层党组织建设等方面的经验和做法。张海兰对复旦大学的热情接待表示感谢，并简要介绍了我校党建工作的经验和做法。双方与会人员就党建工作的具体问题进行了深入交流讨论。复旦大学积极开展党建创新、选配教职工专职副书记等做法，给我校到访人员留下了深刻印象。\r\n\r\n\r\n\r\n在同济大学，党委副书记、纪委书记姜富明对我校的到访表示热烈欢迎，提议同济大学和西工大等卓越联盟9校，成立党建纪检监察合作机构，建立定期交流探讨机制，进一步深化交流合作。张海兰对同济大学的热情接待表示感谢，肯定了姜富明书记的提议，表示卓越联盟9校都有宝贵的经验和做法，相互交流学习，能进一步提高联盟高校党建工作科学化水平。纪委副书记、审计监察处处长吴利瑞、组织部副部长端木怡雯、建筑与城市规划学院党委副书记刘颂、电子与信息工程学院党委副书记向阳、产业党工委书记禹克俭、离退休干部党工委副书记漏幼华等结合工作实际，分别介绍了同济大学在党建方面的经验和做法。与会人员就相关议题进行了深入交流讨论。同济大学在校属企业抓党建促发展、基层党组织建设、党工委设置等方面的经验做法，给我校到访人员留下深刻印象。\r\n\r\n\r\n\r\n在上海交通大学，党委副书记、纪委书记胡近热烈欢迎了我校的到访，介绍了学在交大、院为实体、多元评价等三大议题，并交流了暑期工作会议主题“如何使交大的人才队伍建设继续走在高校前列”及学校制度建设方面的基本情况。上海交大组织部副部长黄震、监察处副处长吴淑琴、材料科学与工程学院副书记张帆、电子信息与电气工程学院党委副书记杨一帆等结合实际，进一步介绍了党建工作的经验与做法。张海兰对上海交通大学的热情接待表示感谢，并与交大同仁交流了党建工作制度建设、党员教育管理、落实全面从严治党要求等内容。上海交大在细化落实党建工作、完善党建制度及严格落实、配优配强党建工作队伍等方面，有很好的经验和做法。\r\n\r\n\r\n\r\n\r\n\r\n7月12日下午，党委常务副书记赵瑞君一行与纪委书记张海兰一行汇合，共同走访了中国商用飞机有限责任公司。中国商飞公司副总经理刘林宗、相关部门负责人及部分商飞校友参加了座谈。双方就深化校企合作、人才培养等方面进行了深入的座谈交流。刘林宗对西工大一行表示热烈欢迎，感谢西工大多年来为中国商飞公司输送了大批优秀的人才。同时表示，中国商飞提供了良好的人才发展平台，希望今后双方能够进一步加强校企合作，共同助力中国大飞机梦想。赵瑞君回顾了学校与中国商飞的良好合作历程，强调了西工大全校师生对中国大飞机事业的关切，特别是C919和ARJ21的进展，表示西工大将继续关注和支持中国商飞公司发展，进一步深化校企合作。座谈会上，数位西工大校友代表交流了在母校学习、商飞工作的感悟。我校一行还参观了C919大型客机铁鸟试验台、展示样机、总装厂等。\r\n\r\n上海调研期间，张海兰一行还与10余位上海校友分会的杰出校友代表进行了亲切座谈，介绍了母校的最新发展情况，感谢校友们一直关心支持母校的发展。参与座谈的校友感谢母校老师的看望慰问，对学校发展提出了很好的建议，表示将一如既往关心和支持学校的发展。\r\n\r\n', '102', '1', '2', '2016-08-11 15:35:17', '2016-08-18 10:58:09');
INSERT INTO `news` VALUES ('15', '工业和信息化部党组作出向陈士橹同志学习的决定', '3', '7月29日，工业和信息化部党组印发《关于开展向陈士橹同志学习的决定》，要求在部机关司局，各省、自治区、直辖市通信管理局，部属各高校，部直属各单位等工业和信息化部系统，组织开展向陈士橹同志学习的活动。\r\n\r\n《决定》指出，陈士橹同志用一个“甲子”的时间坚守了共产党员的标准，诠释了怎样才是一名真正的共产党员。入党60年来，他始终以共产党员的标准严格要求自己，在学习、工作、生活方方面面都体现了一名共产党员对党的无限忠诚和对教育事业的深情厚爱。他的事迹可亲可敬可学，彰显了共产党员的坚定信念和坚强党性，展现了教育工作者的责任担当，践行了“三严三实”要求，生动诠释了“四讲四有”合格党员标准。他是部系统共产党员的优秀代表，是广大党员干部的学习榜样。\r\n\r\n《决定》强调，向陈士橹同志学习，就是要认真学习他一生对党忠诚、信仰坚定，为党分忧、为国奉献，以实际行动践行“为共产主义奋斗终身”的铮铮誓言；学习他一生严以律己、不忘初心，襟怀坦荡、无私无畏，以强烈的责任担当精神体现共产党员的价值追求；学习他一生爱岗敬业、治学严谨，心系航天、鞠躬尽瘁，矢志不渝地为我国航天教育事业做出重大贡献；学习他一生勤勉质朴、品格高尚，厚德仁爱、无私奉献，将优良作风和家风作为宝贵遗产传承后人。\r\n\r\n《决定》号召，部系统各级党组织和党员干部要把开展向陈士橹同志学习活动与“两学一做”学习教育结合起来，把陈士橹同志先进事迹作为生动教材，通过先进事迹报告会、座谈会、支部学习讨论等多种形式，教育引导广大党员干部努力做“四讲四有”合格党员；要把学习活动与巡视整改相结合，对照陈士橹同志先进事迹，认真查找自身差距和不足，扎实推动巡视发现问题的整改；要把学习活动与学习“工信先锋”等身边典型相结合，用身边人、身边事来教育党员干部，切实增强思想政治教育的针对性和实效性；要把学习活动与作风建设结合起来，大力弘扬“敢担当、勤作为、出实招、治懒政、求实效”的工作作风，引导广大党员干部勤勉敬业、夙夜在公，以实际行动为网络强国和制造强国建设、推动工业和信息化事业改革发展贡献智慧和力量。', '104', '0', '1', '2016-08-17 13:28:26', '2016-08-18 10:58:05');
INSERT INTO `news` VALUES ('19', '啊实打实大声道', '2', '第十八届全国机器人锦标赛暨第七届国际仿人机器人奥林匹克大赛于7月28日-31日在广东佛山举行，共有来自清华大学、哈尔滨工业大学、西北工业大学、北京理工大学、华中科技大学等50多所国内高校的400多支代表队参加这一盛大赛事的角逐。\r\n\r\n西工大计算机学院、教务处足球机器人创新实践基地和研究生院竞技机器人创新实践基地联合派出的代表队参加本次大赛的29个项目比赛。在如火如荼的比赛现场，参赛队员全力以赴，奋力拼搏，以扎实的功底和一流的技术斩获包括竞技机器人拳击、击剑和摔跤对抗赛、仿真机器人5vs5和11vs11足球赛、全自主型机器人足球赛、移动机器人自主导航赛、国产化机器人创新创业赛等在内的8项冠军、20项一等奖的佳绩，为学校赢得了荣誉，也展现了学校在智能机器人技术创新研发中的优势和水平。', '84', '0', '1', '2016-08-18 11:02:07', '2016-08-18 11:02:12');
INSERT INTO `news` VALUES ('45', '多省数千干部被召回 不合格干部要“回炉再造”', '2', '近日，云南省针对部分驻村扶贫干部作用发挥不够充分，搞“走读式”“挂名式”帮扶、只转转不用心、只谈谈不落实等情况，实施驻村干部召回制度。记者调查发现，截至目前，贵州、湖北、云南等地均已实施干部召回制度。据不完全统计，有数千名干部因为官不为等原因被召回。\r\n\r\n　　云贵鄂等地整治为官不为\r\n\r\n　　云南省今年4月制定公布《驻村扶贫工作队员召回办法》，对驻村扶贫工作队员加强指导、培训、管理和考核，对不胜任、不适合、不履职、不作为的坚决召回，截至目前已经有1117名驻村扶贫工作队员被召回。\r\n\r\n　　在贵州，自黔西南州2014年实行干部召回制以来，全省多个市州开始推行这一被认为是整治为官不为、干部“回炉再造”的管理制度，其中毕节市共召回管理干部510人。\r\n\r\n　　据湖北省委组织部、省纪委监察厅介绍，湖北多地采取召回形式，强化干部监督管理。其中，湖北黄石对不履职尽责但也够不上党纪政纪处分的“问题干部”，实行召回管理，先后对19名县级干部、37名科级干部实行召回，并开展为期一周的集中教育训导。在湖北黄冈市红安县，因工作中存在不足和问题，4个单位的“一把手”、3个单位副职和5个单位的党员干部共12人被召回。\r\n\r\n　　召回管理就是“紧箍咒”\r\n\r\n　　记者调查发现，对工作不熟悉、不投入，工作中不履职、不作为，是干部被召回的主要原因。\r\n\r\n　　贵州省毕节市大方县兴隆乡党委书记肖华，因“对农业知识不熟悉”被召回。肖华说，在一次上级部门实地调研中，他对乡里的农业情况不熟悉，介绍不清晰，特别是对于农业生产传统概念“开秧门”“关秧门”的提问全然不懂，被组织部门召回。\r\n\r\n　　张某是派驻云南威信县水田镇河坝村驻村扶贫工作队队员。驻村帮扶初期，张某经常在原单位和驻村工作点两头跑，没有全身心沉在基层一线开展工作，没有认真完成脱贫攻坚工作。为此，威信县对张某实施召回，进行诫勉谈话。\r\n\r\n　　“原来以为不违反八项规定、当个太平官就能安然无事。”肖华说，现在发现，召回管理就是“紧箍咒”，是治疗为官不为、懒政怠政的良方，同时督促自己沉下心、俯下身开展农村工作。\r\n\r\n　　干部召回制度应常态化\r\n\r\n　　“借用商品召回的概念，近年来干部召回已成为基层比较亮眼的干部考核任用制度创新。”南开大学周恩来政府管理学院教授徐行表示，多地将能力和作风不胜任现职的干部纳入召回范围，在治理懒官、庸官，让干部有所作为上是有益尝试。\r\n\r\n　　据记者了解，各地的干部召回方案存在差异，但基本流程大致相同。组织部门或纪检部门通过工作中出现的问题，确定召回干部人选，而后通过集中学习教育、组织座谈、专家心理疏导等措施，让干部“回炉淬火、加钢锻造”。召回结束后，干部在考核期的表现，将成为干部职务调整变动的重要依据。\r\n\r\n　　多地主政官员表示，应将干部召回逐步纳入系统化、常态化轨道，在组织管理、评价标准、后续安排等各个方面做出更加科学合理的安排，保证召回制度良性运行。', '77', '0', '1', '2016-08-23 23:17:21', null);
INSERT INTO `news` VALUES ('46', '关于成立学校委员会的通知 ', '1', '为适应学校(公司)科学发展和内涵建设的要求，切实做好学校（公司）发展战略的研究与落实。进一步深化教育教学改革，提高人才培养工作质量，加强学校的教学与专业建设，科学地制定、实施、检查和评价发展规划，充分挖掘和利用相关资源以推进学校各项事业的发展，助推一班人马，六个轮子一起转的集团化发展目标和方向（职业技能培训学校、服装加工技术协会、睿绅服装有限公司、大林职业介绍所、大林高考补习学校、甘肃农垦中专武山分校）。经学校校校务会研究，决定成立武山大林职业技能培训学校校委员会。具体人员名单如下：\r\n\r\n    武山大林职业技能培训学校\r\n\r\n    校    长  ：曹  琳； 副 校 长  ：汤春兰、年正清；\r\n\r\n    办公室主任：聂  红； 政教处主任：年正清；教导处主任：盛银红；后勤处主任：田地平\r\n\r\n    睿升服装有限公司； 董 事 长：汤春兰；总 经 理：曹  琳\r\n\r\n    车间主任：王调红；裁剪车间主任：关玉桌；生产车间主任：杨桂芳\r\n\r\n    武山大林职业介绍所；所  长：曹  琳；副所长：王调红\r\n\r\n    委员会负责学校整体发展战略的研究、制定与论证，学校各专项发展规划的编制、实施、检查和评估，学校阶段性重大项目的规划与实施工作。\r\n\r\n    特此通知', '77', '0', '1', '2016-08-24 16:32:00', null);
INSERT INTO `news` VALUES ('47', '2012届本专科毕业生离校工作有关事项通告', '1', '为方便2012届本专科毕业生及时顺利办妥离校手续，现将有关事项安排通知如下：\r\n　　一、离校时间安排\r\n　　6月6日-13日，毕业生文明离校教育周；\r\n　　6月12日，2012届本专科生毕业典礼；\r\n　　6月13日上午8：30～11：30，军工路校区集中办理离校手续。\r\n　　数字离校系统开放时间为6月10号。\r\n　　二、离校办理地点\r\n　　1、集中办理：\r\n　　学院：光电信息与计算机工程学院、管理学院\r\n　　部门：学生处、校友联络处\r\n　　地点：原体育馆\r\n　　2、单独办理：\r\n　　能源与动力工程学院：动力馆一楼大厅\r\n　　机械工程学院：创新楼二楼228旁大厅、三楼328旁大厅\r\n　　外语学院：南校区外语社科楼306室\r\n　　环境与建筑学院：环境与建筑学院办公楼306室\r\n　　出版印刷与艺术设计学院：综合教学楼A区一楼大厅\r\n　　医疗器械与食品学院：综合教学楼C区一楼大厅\r\n　　理学院：南校区理学院办公楼120室\r\n　　材料学院：创新楼306室\r\n　　工程科技学院：第五教学楼一楼大厅\r\n　　中英学院、中德学院毕业生办理离校手续由学院自行负责安排。\r\n　　各办理点的网络由信息办提供，电源接线板由各学院自行解决。', '77', '0', '1', '2016-08-24 16:32:08', null);
INSERT INTO `news` VALUES ('49', '自负段医保理赔服务通知', '1', '定于2012年5月8日（周二）10：00——15：00在职能部处办公楼106室（校长办公楼对面），由保险公司上门接受自负段医疗保险理赔服务。　　\r\n\r\n　　理赔所需资料：\r\n\r\n　　门急诊：医疗费发票原件；药品清单；身份证复印件；病历卡复印件；建行卡复印件或农行软卡复印件。\r\n\r\n　　住院：身份证复印件、建行或农行卡复印件、医疗费发票原件及复印件、住院小结复印件、住院费用明细单复印件。\r\n\r\n　　注：1、当天来工会填理赔表。\r\n\r\n　　2、需退回医疗费发票者，请提供发票复印件。', '77', '0', '1', '2016-08-25 13:18:06', null);

-- ----------------------------
-- Table structure for news_status
-- ----------------------------
DROP TABLE IF EXISTS `news_status`;
CREATE TABLE `news_status` (
  `id` tinyint(6) NOT NULL,
  `name` varchar(40) NOT NULL,
  PRIMARY KEY (`id`)
) ENGINE=InnoDB DEFAULT CHARSET=utf8mb4;

-- ----------------------------
-- Records of news_status
-- ----------------------------
INSERT INTO `news_status` VALUES ('1', '活动');
INSERT INTO `news_status` VALUES ('2', '已删除');

-- ----------------------------
-- Table structure for news_type
-- ----------------------------
DROP TABLE IF EXISTS `news_type`;
CREATE TABLE `news_type` (
  `id` smallint(6) NOT NULL AUTO_INCREMENT,
  `name` varchar(255) NOT NULL,
  PRIMARY KEY (`id`)
) ENGINE=InnoDB AUTO_INCREMENT=4 DEFAULT CHARSET=utf8mb4;

-- ----------------------------
-- Records of news_type
-- ----------------------------
INSERT INTO `news_type` VALUES ('1', '新闻');
INSERT INTO `news_type` VALUES ('2', '公告');
INSERT INTO `news_type` VALUES ('3', '通知');

-- ----------------------------
-- Table structure for parent_student
-- ----------------------------
DROP TABLE IF EXISTS `parent_student`;
CREATE TABLE `parent_student` (
  `parent_id` int(11) NOT NULL,
  `student_id` int(11) NOT NULL,
  `relation_id` int(11) NOT NULL,
  `status` tinyint(1) NOT NULL DEFAULT '2',
  PRIMARY KEY (`parent_id`,`student_id`),
  KEY `student_id` (`student_id`),
  KEY `relation_id` (`relation_id`),
  KEY `status` (`status`),
  CONSTRAINT `parent_student_ibfk_1` FOREIGN KEY (`parent_id`) REFERENCES `user` (`id`) ON DELETE CASCADE ON UPDATE CASCADE,
  CONSTRAINT `parent_student_ibfk_2` FOREIGN KEY (`student_id`) REFERENCES `user` (`id`) ON DELETE CASCADE ON UPDATE CASCADE,
  CONSTRAINT `parent_student_ibfk_3` FOREIGN KEY (`relation_id`) REFERENCES `relation_type` (`id`) ON DELETE CASCADE ON UPDATE CASCADE,
  CONSTRAINT `parent_student_ibfk_4` FOREIGN KEY (`status`) REFERENCES `relation_status` (`id`) ON DELETE CASCADE ON UPDATE CASCADE
) ENGINE=InnoDB DEFAULT CHARSET=utf8mb4;

-- ----------------------------
-- Records of parent_student
-- ----------------------------
INSERT INTO `parent_student` VALUES ('11', '82', '2', '3');
INSERT INTO `parent_student` VALUES ('11', '83', '2', '1');
INSERT INTO `parent_student` VALUES ('11', '84', '2', '1');
INSERT INTO `parent_student` VALUES ('11', '85', '2', '1');
INSERT INTO `parent_student` VALUES ('11', '86', '2', '2');
INSERT INTO `parent_student` VALUES ('11', '96', '3', '2');
INSERT INTO `parent_student` VALUES ('102', '82', '1', '1');
INSERT INTO `parent_student` VALUES ('102', '85', '1', '1');
INSERT INTO `parent_student` VALUES ('103', '86', '1', '1');
INSERT INTO `parent_student` VALUES ('103', '110', '1', '1');
INSERT INTO `parent_student` VALUES ('104', '119', '2', '1');
INSERT INTO `parent_student` VALUES ('105', '120', '1', '1');
INSERT INTO `parent_student` VALUES ('106', '121', '2', '1');
INSERT INTO `parent_student` VALUES ('107', '95', '3', '1');

-- ----------------------------
-- Table structure for post
-- ----------------------------
DROP TABLE IF EXISTS `post`;
CREATE TABLE `post` (
  `id` int(11) NOT NULL AUTO_INCREMENT,
  `message_id` int(11) NOT NULL,
  `content` text NOT NULL,
  `sender` int(11) NOT NULL,
  `time` timestamp NOT NULL DEFAULT CURRENT_TIMESTAMP,
  PRIMARY KEY (`id`),
  KEY `message_id` (`message_id`),
  KEY `sender` (`sender`),
  CONSTRAINT `post_ibfk_1` FOREIGN KEY (`message_id`) REFERENCES `message` (`id`) ON DELETE CASCADE ON UPDATE CASCADE,
  CONSTRAINT `post_ibfk_2` FOREIGN KEY (`sender`) REFERENCES `user` (`id`) ON DELETE CASCADE ON UPDATE CASCADE
) ENGINE=InnoDB AUTO_INCREMENT=18 DEFAULT CHARSET=utf8mb4;

-- ----------------------------
-- Records of post
-- ----------------------------
INSERT INTO `post` VALUES ('4', '22', 'asdad', '83', '2016-08-24 20:45:18');
INSERT INTO `post` VALUES ('5', '2', 'asd', '1', '2016-08-24 21:21:40');
INSERT INTO `post` VALUES ('6', '2', 'sdada', '1', '2016-08-24 21:26:22');
INSERT INTO `post` VALUES ('7', '3', 'ssssssssssssssssssssssssssssssssssssssssssssssssssssssssssss', '1', '2016-08-26 08:01:31');
INSERT INTO `post` VALUES ('8', '3', '222222222222222', '1', '2016-08-26 08:01:57');
INSERT INTO `post` VALUES ('9', '55', '测试', '77', '2016-08-26 09:46:21');
INSERT INTO `post` VALUES ('10', '55', '哈萨', '77', '2016-08-26 09:47:50');
INSERT INTO `post` VALUES ('11', '49', '', '110', '2016-08-26 13:19:53');
INSERT INTO `post` VALUES ('12', '87', '别是', '11', '2016-08-26 13:30:37');
INSERT INTO `post` VALUES ('13', '94', '图', '11', '2016-08-27 00:42:19');
INSERT INTO `post` VALUES ('14', '94', '', '11', '2016-08-27 00:42:28');
INSERT INTO `post` VALUES ('15', '96', '本次成绩录入有误，请稍候查阅', '1', '2016-08-27 08:30:26');
INSERT INTO `post` VALUES ('16', '94', 'woshihuifu', '77', '2016-08-27 09:00:28');
INSERT INTO `post` VALUES ('17', '98', 'fjjfncbfnnf', '77', '2016-08-27 09:14:04');

-- ----------------------------
-- Table structure for relation_status
-- ----------------------------
DROP TABLE IF EXISTS `relation_status`;
CREATE TABLE `relation_status` (
  `id` tinyint(6) NOT NULL,
  `name` varchar(40) NOT NULL,
  PRIMARY KEY (`id`)
) ENGINE=InnoDB DEFAULT CHARSET=utf8mb4;

-- ----------------------------
-- Records of relation_status
-- ----------------------------
INSERT INTO `relation_status` VALUES ('1', '审核通过');
INSERT INTO `relation_status` VALUES ('2', '等待审核');
INSERT INTO `relation_status` VALUES ('3', '审核失败');

-- ----------------------------
-- Table structure for relation_type
-- ----------------------------
DROP TABLE IF EXISTS `relation_type`;
CREATE TABLE `relation_type` (
  `id` int(11) NOT NULL AUTO_INCREMENT,
  `name` varchar(255) NOT NULL,
  `call` varchar(255) NOT NULL COMMENT '叫 XXX的爸爸 后面的 “的爸爸”',
  PRIMARY KEY (`id`)
) ENGINE=InnoDB AUTO_INCREMENT=8 DEFAULT CHARSET=utf8mb4;

-- ----------------------------
-- Records of relation_type
-- ----------------------------
INSERT INTO `relation_type` VALUES ('1', '父亲', '的父亲');
INSERT INTO `relation_type` VALUES ('2', '母亲', '的母亲');
INSERT INTO `relation_type` VALUES ('3', '爷爷', '的爷爷');
INSERT INTO `relation_type` VALUES ('4', '奶奶', '的奶奶');
INSERT INTO `relation_type` VALUES ('5', '外公', '的外公');
INSERT INTO `relation_type` VALUES ('6', '外婆', '的外婆');
INSERT INTO `relation_type` VALUES ('7', '其他亲属', '的其他亲属');

-- ----------------------------
-- Table structure for remark
-- ----------------------------
DROP TABLE IF EXISTS `remark`;
CREATE TABLE `remark` (
  `id` int(11) NOT NULL AUTO_INCREMENT,
  `student_id` int(11) NOT NULL,
  `teacher_id` int(11) NOT NULL,
  `time` timestamp NOT NULL DEFAULT CURRENT_TIMESTAMP,
  `content` text NOT NULL,
  PRIMARY KEY (`id`),
  KEY `student_id` (`student_id`),
  KEY `teacher_id` (`teacher_id`),
  CONSTRAINT `remark_ibfk_1` FOREIGN KEY (`student_id`) REFERENCES `user` (`id`) ON DELETE CASCADE ON UPDATE CASCADE,
  CONSTRAINT `remark_ibfk_2` FOREIGN KEY (`teacher_id`) REFERENCES `user` (`id`) ON DELETE CASCADE ON UPDATE CASCADE
) ENGINE=InnoDB AUTO_INCREMENT=6 DEFAULT CHARSET=utf8mb4;

-- ----------------------------
-- Records of remark
-- ----------------------------
INSERT INTO `remark` VALUES ('1', '110', '77', '2016-08-21 15:33:31', '你是个好学生');
INSERT INTO `remark` VALUES ('2', '110', '77', '2016-08-21 15:46:36', '王二老师说的好');
INSERT INTO `remark` VALUES ('3', '110', '102', '2016-08-22 15:59:46', '老师说了 你是个好学生');
INSERT INTO `remark` VALUES ('4', '110', '102', '2016-08-22 16:04:17', '我看好你，小伙子，加油');
INSERT INTO `remark` VALUES ('5', '110', '77', '2016-08-22 16:04:43', '你是个好学生');

-- ----------------------------
-- Table structure for school_message
-- ----------------------------
DROP TABLE IF EXISTS `school_message`;
CREATE TABLE `school_message` (
  `order` int(11) NOT NULL DEFAULT '50',
  `id` int(11) NOT NULL AUTO_INCREMENT,
  `key` varchar(255) CHARACTER SET utf8mb4 COLLATE utf8mb4_bin NOT NULL,
  `value` text NOT NULL,
  `chinese_name` varchar(255) NOT NULL,
  PRIMARY KEY (`id`)
) ENGINE=InnoDB AUTO_INCREMENT=5 DEFAULT CHARSET=utf8mb4;

-- ----------------------------
-- Records of school_message
-- ----------------------------
INSERT INTO `school_message` VALUES ('1', '1', 'name', '私立樱花小学', '学校名称');
INSERT INTO `school_message` VALUES ('50', '2', 'create_date', '2011.10', '建校时间');
INSERT INTO `school_message` VALUES ('50', '3', 'location', '杭州樱花大道200号', '地址');
INSERT INTO `school_message` VALUES ('50', '4', 'description', '杭州外国语学校创建于1964年，是我国首批重点建设的外国语学校，由周恩来总理和陈毅外长提议创办，以培养高级外语人才，适应中国对外开放的发展需要。目前，我校是全国17所著名外国语学校之一，享有教育部认定的20%保送生资格，是浙江省教育厅直属的重点中学。学校位于杭州西郊风景秀丽的小和山高教园区，校园环境优美，人文气息浓厚，拥有一流的教育教学设施设备。现有正式教职员工近300人，其中教授1人，省特级教师9人，43%教师具有高级职称，24%教师具有硕士、博士学位，95%英语教师具有海外执教经历，85%教职员工具有出国培训、交流经历。我校是一所初、高中一贯制的完全中学。2007年，我校被国家汉办认定为汉语国际推广中小学基地，翻开了国际交流与合作的新篇章。2010年，浙江省中小学外语教师培训基地在我校揭牌成立，为我校辐射优质教育资源、推进教育均衡发展创造了有利条件。\r\n\r\n经过多年发展，我校已然形成鲜明的办学特色。以“为祖国而学习，为未来作准备”为校训，积极营造“宽容大气，严谨笃学”的优良校风，致力于培养“外语特长、文理兼优、全面发展的国际化预备英才”。贯彻实施“育人为本、因材施教”的教育理念，努力营造“多元融通、异彩纷呈”的校园文化氛围，培养学生“自主、合作、创新”的意识和能力，促使每位学生全面且有个性地发展，真正成为“继承传统精髓的知识人、具备公民意识的现代人和具有国际视野的中国人”。\r\n\r\n我校将始终高举“办人民满意教育”的旗帜，努力建设成为一所高质量、高水平的特色学校，一所实验性、示范性的窗口学校，一所基础教育现代化、国际化的品牌学校，更好地适应社会多样化、高标准的教育需求。', '建校时间');

-- ----------------------------
-- Table structure for signin
-- ----------------------------
DROP TABLE IF EXISTS `signin`;
CREATE TABLE `signin` (
  `student_id` int(11) NOT NULL,
  `time` datetime NOT NULL,
  KEY `student_id` (`student_id`),
  CONSTRAINT `signin_ibfk_1` FOREIGN KEY (`student_id`) REFERENCES `user` (`id`) ON DELETE CASCADE ON UPDATE CASCADE
) ENGINE=InnoDB DEFAULT CHARSET=utf8mb4;

-- ----------------------------
-- Records of signin
-- ----------------------------
INSERT INTO `signin` VALUES ('110', '2016-08-10 08:00:00');
INSERT INTO `signin` VALUES ('110', '2016-08-10 18:14:00');
INSERT INTO `signin` VALUES ('110', '2016-08-11 08:00:44');
INSERT INTO `signin` VALUES ('110', '2016-08-11 18:00:00');
INSERT INTO `signin` VALUES ('110', '2016-08-12 08:00:11');
INSERT INTO `signin` VALUES ('110', '2016-08-13 08:00:16');
INSERT INTO `signin` VALUES ('110', '2016-08-16 08:00:29');
INSERT INTO `signin` VALUES ('110', '2016-08-16 18:00:00');
INSERT INTO `signin` VALUES ('110', '2016-08-17 08:00:39');
INSERT INTO `signin` VALUES ('110', '2016-08-17 18:00:00');
INSERT INTO `signin` VALUES ('110', '2016-08-18 08:00:48');
INSERT INTO `signin` VALUES ('110', '2016-08-18 18:00:00');
INSERT INTO `signin` VALUES ('110', '2016-08-19 08:00:57');
INSERT INTO `signin` VALUES ('110', '0000-00-00 00:00:00');
INSERT INTO `signin` VALUES ('110', '2016-08-20 08:00:06');
INSERT INTO `signin` VALUES ('110', '0000-00-00 00:00:00');
INSERT INTO `signin` VALUES ('110', '2016-08-21 08:00:17');
INSERT INTO `signin` VALUES ('110', '2016-08-21 18:00:00');
INSERT INTO `signin` VALUES ('110', '2016-08-22 08:00:01');
INSERT INTO `signin` VALUES ('110', '2016-08-22 18:00:00');
INSERT INTO `signin` VALUES ('85', '0000-00-00 00:00:00');
INSERT INTO `signin` VALUES ('85', '2016-08-10 18:00:00');
INSERT INTO `signin` VALUES ('85', '2016-08-11 08:00:18');
INSERT INTO `signin` VALUES ('85', '2016-08-12 08:00:38');
INSERT INTO `signin` VALUES ('86', '0000-00-00 00:00:00');
INSERT INTO `signin` VALUES ('86', '2016-08-20 08:00:34');
INSERT INTO `signin` VALUES ('1', '2016-08-11 12:00:12');
INSERT INTO `signin` VALUES ('1', '2016-08-11 12:00:13');

-- ----------------------------
-- Table structure for student_award
-- ----------------------------
DROP TABLE IF EXISTS `student_award`;
CREATE TABLE `student_award` (
  `student_id` int(11) NOT NULL,
  `award_id` int(11) NOT NULL,
  PRIMARY KEY (`student_id`,`award_id`),
  KEY `award_id` (`award_id`),
  CONSTRAINT `student_award_ibfk_1` FOREIGN KEY (`student_id`) REFERENCES `user` (`id`) ON DELETE CASCADE ON UPDATE CASCADE,
  CONSTRAINT `student_award_ibfk_2` FOREIGN KEY (`award_id`) REFERENCES `award` (`id`) ON DELETE CASCADE ON UPDATE CASCADE
) ENGINE=InnoDB DEFAULT CHARSET=utf8mb4;

-- ----------------------------
-- Records of student_award
-- ----------------------------
INSERT INTO `student_award` VALUES ('83', '1');
INSERT INTO `student_award` VALUES ('85', '2');
INSERT INTO `student_award` VALUES ('85', '5');
INSERT INTO `student_award` VALUES ('110', '5');
INSERT INTO `student_award` VALUES ('82', '7');
INSERT INTO `student_award` VALUES ('87', '8');

-- ----------------------------
-- Table structure for student_class
-- ----------------------------
DROP TABLE IF EXISTS `student_class`;
CREATE TABLE `student_class` (
  `class_id` int(11) NOT NULL,
  `student_id` int(11) NOT NULL,
  `time` timestamp NULL DEFAULT CURRENT_TIMESTAMP ON UPDATE CURRENT_TIMESTAMP COMMENT '入班时间',
  PRIMARY KEY (`class_id`,`student_id`),
  KEY `student_id` (`student_id`),
  CONSTRAINT `student_class_ibfk_1` FOREIGN KEY (`student_id`) REFERENCES `user` (`id`) ON DELETE CASCADE ON UPDATE CASCADE,
  CONSTRAINT `student_class_ibfk_2` FOREIGN KEY (`class_id`) REFERENCES `class` (`id`) ON DELETE CASCADE ON UPDATE CASCADE
) ENGINE=InnoDB DEFAULT CHARSET=utf8mb4;

-- ----------------------------
-- Records of student_class
-- ----------------------------
INSERT INTO `student_class` VALUES ('1', '82', '2016-08-23 21:10:31');
INSERT INTO `student_class` VALUES ('1', '83', '2016-08-23 19:59:42');
INSERT INTO `student_class` VALUES ('1', '84', '2016-08-23 19:59:46');
INSERT INTO `student_class` VALUES ('1', '85', '2016-08-23 19:59:50');
INSERT INTO `student_class` VALUES ('1', '86', '2016-08-23 20:19:11');
INSERT INTO `student_class` VALUES ('5', '95', '2016-08-23 21:11:02');
INSERT INTO `student_class` VALUES ('5', '110', '2016-08-21 15:19:41');
INSERT INTO `student_class` VALUES ('5', '119', '2016-08-23 20:19:21');
INSERT INTO `student_class` VALUES ('5', '120', '2016-08-23 20:19:26');
INSERT INTO `student_class` VALUES ('5', '121', '2016-08-23 20:19:40');
INSERT INTO `student_class` VALUES ('10', '1', '2016-08-25 09:48:49');
INSERT INTO `student_class` VALUES ('10', '96', '2016-08-23 21:11:44');
INSERT INTO `student_class` VALUES ('10', '97', '2016-08-23 21:11:50');
INSERT INTO `student_class` VALUES ('10', '98', '2016-08-23 21:11:59');
INSERT INTO `student_class` VALUES ('10', '99', '2016-08-23 21:12:21');
INSERT INTO `student_class` VALUES ('10', '101', '2016-08-23 21:12:29');
INSERT INTO `student_class` VALUES ('11', '1', '2016-08-25 09:48:49');

-- ----------------------------
-- Table structure for teacher_class_course
-- ----------------------------
DROP TABLE IF EXISTS `teacher_class_course`;
CREATE TABLE `teacher_class_course` (
  `time` timestamp NULL DEFAULT CURRENT_TIMESTAMP ON UPDATE CURRENT_TIMESTAMP,
  `teacher_id` int(11) NOT NULL,
  `course_id` int(11) NOT NULL,
  `class_id` int(11) NOT NULL,
  PRIMARY KEY (`teacher_id`,`course_id`,`class_id`),
  KEY `class_id` (`class_id`),
  KEY `course_id` (`course_id`),
  CONSTRAINT `teacher_class_course_ibfk_1` FOREIGN KEY (`teacher_id`) REFERENCES `user` (`id`) ON DELETE CASCADE ON UPDATE CASCADE,
  CONSTRAINT `teacher_class_course_ibfk_2` FOREIGN KEY (`class_id`) REFERENCES `class` (`id`) ON DELETE CASCADE ON UPDATE CASCADE,
  CONSTRAINT `teacher_class_course_ibfk_3` FOREIGN KEY (`course_id`) REFERENCES `course` (`id`) ON DELETE CASCADE ON UPDATE CASCADE
) ENGINE=InnoDB DEFAULT CHARSET=utf8mb4;

-- ----------------------------
-- Records of teacher_class_course
-- ----------------------------
INSERT INTO `teacher_class_course` VALUES ('2016-08-25 18:14:14', '1', '1', '1');
INSERT INTO `teacher_class_course` VALUES ('2016-08-25 18:14:35', '1', '1', '11');
INSERT INTO `teacher_class_course` VALUES ('2016-08-25 18:14:28', '1', '1', '12');
INSERT INTO `teacher_class_course` VALUES ('2016-08-23 20:34:17', '77', '1', '1');
INSERT INTO `teacher_class_course` VALUES ('2016-08-23 20:35:44', '77', '1', '5');
INSERT INTO `teacher_class_course` VALUES ('2016-08-23 22:20:47', '77', '1', '10');
INSERT INTO `teacher_class_course` VALUES ('2016-08-23 20:34:25', '77', '2', '1');
INSERT INTO `teacher_class_course` VALUES ('2016-08-23 20:35:51', '77', '2', '5');
INSERT INTO `teacher_class_course` VALUES ('2016-08-23 22:21:00', '77', '2', '10');
INSERT INTO `teacher_class_course` VALUES ('2016-08-23 20:35:41', '77', '3', '1');
INSERT INTO `teacher_class_course` VALUES ('2016-08-23 20:36:07', '77', '3', '5');
INSERT INTO `teacher_class_course` VALUES ('2016-08-23 22:19:54', '77', '3', '10');
INSERT INTO `teacher_class_course` VALUES ('2016-08-23 22:20:01', '77', '3', '11');

-- ----------------------------
-- Table structure for teacher_department
-- ----------------------------
DROP TABLE IF EXISTS `teacher_department`;
CREATE TABLE `teacher_department` (
  `teacher_id` int(11) NOT NULL,
  `department_id` int(11) NOT NULL,
  `position` varchar(255) NOT NULL,
  PRIMARY KEY (`teacher_id`,`department_id`),
  KEY `department_id` (`department_id`),
  CONSTRAINT `teacher_department_ibfk_1` FOREIGN KEY (`teacher_id`) REFERENCES `user` (`id`) ON DELETE CASCADE ON UPDATE CASCADE,
  CONSTRAINT `teacher_department_ibfk_2` FOREIGN KEY (`department_id`) REFERENCES `department` (`id`) ON DELETE CASCADE ON UPDATE CASCADE
) ENGINE=InnoDB DEFAULT CHARSET=utf8mb4;

-- ----------------------------
-- Records of teacher_department
-- ----------------------------
INSERT INTO `teacher_department` VALUES ('1', '2', 'fuduizhang');
INSERT INTO `teacher_department` VALUES ('11', '2', '什么都没');
INSERT INTO `teacher_department` VALUES ('77', '2', '正部长');
INSERT INTO `teacher_department` VALUES ('82', '4', '什么都没');
INSERT INTO `teacher_department` VALUES ('83', '1', 'shenmegui');
INSERT INTO `teacher_department` VALUES ('95', '7', '什么都没');
INSERT INTO `teacher_department` VALUES ('96', '5', '专吃小羊');

-- ----------------------------
-- Table structure for token
-- ----------------------------
DROP TABLE IF EXISTS `token`;
CREATE TABLE `token` (
  `id` int(11) NOT NULL AUTO_INCREMENT,
  `token` char(32) NOT NULL,
  `time` timestamp NULL DEFAULT CURRENT_TIMESTAMP ON UPDATE CURRENT_TIMESTAMP,
  `user_id` int(11) NOT NULL,
  `count` int(11) NOT NULL DEFAULT '0',
  `remark` varchar(255) DEFAULT NULL,
  `type` tinyint(1) NOT NULL,
  `current_student` int(11) DEFAULT NULL,
  PRIMARY KEY (`id`),
  UNIQUE KEY `token` (`token`) USING BTREE,
  KEY `user_id` (`user_id`),
  KEY `current_student` (`current_student`),
  KEY `type` (`type`),
  CONSTRAINT `token_ibfk_1` FOREIGN KEY (`user_id`) REFERENCES `user` (`id`) ON DELETE CASCADE ON UPDATE CASCADE,
  CONSTRAINT `token_ibfk_2` FOREIGN KEY (`current_student`) REFERENCES `user` (`id`) ON DELETE CASCADE ON UPDATE CASCADE,
  CONSTRAINT `token_ibfk_3` FOREIGN KEY (`type`) REFERENCES `token_type` (`id`) ON DELETE CASCADE ON UPDATE CASCADE
) ENGINE=InnoDB AUTO_INCREMENT=389 DEFAULT CHARSET=utf8mb4;

-- ----------------------------
-- Records of token
-- ----------------------------
INSERT INTO `token` VALUES ('9', '6eeb22a4db49ceb0cd0aacf7558d20a8', '2016-08-22 15:43:59', '1', '0', null, '2', '85');
INSERT INTO `token` VALUES ('10', '0061e6b63423b49d53505d6dddc28fc9', '2016-08-16 13:56:36', '1', '0', null, '1', null);
INSERT INTO `token` VALUES ('12', 'd38f918f62fa43a6529666c06f80ff71', '2016-08-16 14:18:49', '1', '0', null, '3', null);
INSERT INTO `token` VALUES ('13', '86ba5b8713528475ee5518a5a2e58651', '2016-08-16 14:30:04', '11', '0', null, '1', null);
INSERT INTO `token` VALUES ('14', 'f3f8f75aad1986234edb81b1442682d0', '2016-08-17 08:56:07', '1', '0', null, '3', null);
INSERT INTO `token` VALUES ('15', '09ac28ab9e649e313f0db2c5d6b2dc11', '2016-08-17 11:49:30', '11', '0', null, '1', null);
INSERT INTO `token` VALUES ('16', '9567c18cdbf10bad1a6c6ffaea9157bd', '2016-08-17 11:52:55', '11', '0', null, '1', null);
INSERT INTO `token` VALUES ('17', '3eddd52829bf9b27fe99e18be6d0ed4f', '2016-08-17 11:54:21', '11', '0', null, '1', null);
INSERT INTO `token` VALUES ('18', '83d49d3b563c1143d3c2619592f171d7', '2016-08-17 11:54:38', '11', '0', null, '1', null);
INSERT INTO `token` VALUES ('19', '7b43f1901b08ada4fd7a40abd3b2f584', '2016-08-17 11:55:25', '11', '0', null, '1', null);
INSERT INTO `token` VALUES ('20', '4b361f41aec8f06a858a2fda8cc6f2f0', '2016-08-17 12:02:44', '11', '0', null, '1', null);
INSERT INTO `token` VALUES ('21', '29f364e21aaee69c59df7ff83638b8b6', '2016-08-17 12:47:42', '11', '0', null, '1', null);
INSERT INTO `token` VALUES ('22', 'adb4b73cd3771f5bc0ba9138439eb366', '2016-08-17 12:51:01', '11', '0', null, '1', null);
INSERT INTO `token` VALUES ('23', 'fec5e5106760ea677c7b0538d84f4f34', '2016-08-17 12:51:06', '11', '0', null, '1', null);
INSERT INTO `token` VALUES ('24', 'd7d5d1d2b89e55e1b1759674fb0524a6', '2016-08-17 12:51:07', '11', '0', null, '1', null);
INSERT INTO `token` VALUES ('25', 'f2e7cb9ba70342cfc82bad96d74dc30b', '2016-08-17 13:26:27', '11', '0', null, '1', null);
INSERT INTO `token` VALUES ('26', '4d47ff454ca872464e077d229fcfba5e', '2016-08-17 13:27:28', '11', '0', null, '1', null);
INSERT INTO `token` VALUES ('27', '524686a20d22d3ff6725e81d05fc4b15', '2016-08-17 13:35:17', '11', '0', null, '1', null);
INSERT INTO `token` VALUES ('28', '2ef871cf46d3fdb40a234780c152c422', '2016-08-17 13:36:39', '11', '0', null, '1', null);
INSERT INTO `token` VALUES ('29', 'd24dff808be2e8661f3d842f6beb5b9a', '2016-08-17 14:12:03', '11', '0', null, '1', null);
INSERT INTO `token` VALUES ('30', '480b53118a8d70b30f1454b082906fab', '2016-08-17 14:20:17', '11', '0', null, '1', null);
INSERT INTO `token` VALUES ('31', 'ce718983d1564c37c29a31e4a3fac247', '2016-08-17 14:22:27', '11', '0', null, '1', null);
INSERT INTO `token` VALUES ('32', '163ba1f5b244d43f0b3bd693438a2c7c', '2016-08-17 14:47:34', '83', '0', null, '2', null);
INSERT INTO `token` VALUES ('33', '492508c7c51f307af1f0d9b8562bdd9f', '2016-08-17 15:11:42', '11', '0', null, '1', null);
INSERT INTO `token` VALUES ('34', 'efe6cb492226c632dc48fef151864270', '2016-08-17 15:14:48', '11', '0', null, '1', null);
INSERT INTO `token` VALUES ('35', '719e1a616aa16dd09d4042088972de94', '2016-08-17 15:15:49', '11', '0', null, '1', null);
INSERT INTO `token` VALUES ('36', 'b3482cabb54ab3aec7b3a3fa76f131ed', '2016-08-17 15:24:23', '11', '0', null, '1', null);
INSERT INTO `token` VALUES ('38', '6d6eacd5214521bf588217aa9212d7bd', '2016-08-17 15:36:18', '11', '0', null, '1', null);
INSERT INTO `token` VALUES ('39', '8b6c651d57c5c1de2d56c54d4ca31933', '2016-08-17 15:53:36', '11', '0', null, '1', null);
INSERT INTO `token` VALUES ('40', '8c03d7ad647275439c8cb8e3cf1215d2', '2016-08-17 15:59:37', '11', '0', null, '1', null);
INSERT INTO `token` VALUES ('41', 'b390ad7fa3a74eef909e0c005375eb7d', '2016-08-17 15:59:54', '11', '0', null, '1', null);
INSERT INTO `token` VALUES ('42', 'c68a11fe0bbe00eb140781f039b88c02', '2016-08-17 16:18:20', '11', '0', null, '1', null);
INSERT INTO `token` VALUES ('43', '02b6d6ecbf389b052b020222b5510c29', '2016-08-17 16:56:28', '11', '0', null, '1', null);
INSERT INTO `token` VALUES ('44', '02135afc153b5ee9ebfed1125acced6c', '2016-08-17 17:14:43', '110', '0', null, '1', null);
INSERT INTO `token` VALUES ('45', '811f7d0374d08f86c69eac8bbbd21bca', '2016-08-17 19:19:30', '11', '0', null, '1', null);
INSERT INTO `token` VALUES ('46', '1eca3668d762a130b8c4627b4449b402', '2016-08-17 19:20:25', '11', '0', null, '1', null);
INSERT INTO `token` VALUES ('47', '8ac7b0cabc268028625d13d4fb7caab3', '2016-08-17 19:23:15', '11', '0', null, '1', null);
INSERT INTO `token` VALUES ('48', '69492dc4f02f4933a3ec21c20cb76afb', '2016-08-17 19:23:56', '11', '0', null, '1', null);
INSERT INTO `token` VALUES ('49', 'e8d37d3b0fc533d4842515f6fdbbe0ae', '2016-08-17 19:28:38', '11', '0', null, '1', null);
INSERT INTO `token` VALUES ('50', 'afeca102b0ceeef0f2d40a9e5f4204db', '2016-08-17 19:28:56', '11', '0', null, '1', null);
INSERT INTO `token` VALUES ('51', '32a1902be62ac929c87801aa021705c8', '2016-08-17 19:31:50', '11', '0', null, '1', null);
INSERT INTO `token` VALUES ('52', 'a64c91b3f67ed33f00191beda88e38ff', '2016-08-17 19:36:38', '11', '0', null, '1', null);
INSERT INTO `token` VALUES ('54', 'ffdf09d15ea07e86c884192e00d39949', '2016-08-17 20:49:58', '11', '0', null, '1', null);
INSERT INTO `token` VALUES ('55', 'b78637aa5ce5c4107a09205b4f3682b1', '2016-08-17 20:50:51', '11', '0', null, '1', null);
INSERT INTO `token` VALUES ('56', '211eac9be373a5315f851647a5aefb7e', '2016-08-17 21:00:03', '11', '0', null, '1', null);
INSERT INTO `token` VALUES ('58', '86b416faf15718a5d47bcde5e93ee374', '2016-08-17 21:10:19', '110', '0', null, '1', null);
INSERT INTO `token` VALUES ('60', 'd5757a4256cb2624a05f22079bee7c5c', '2016-08-17 21:11:38', '121', '0', null, '1', null);
INSERT INTO `token` VALUES ('61', 'e5708d886613fbd213ba0c9cefb6bff9', '2016-08-17 21:50:36', '11', '0', null, '1', null);
INSERT INTO `token` VALUES ('62', 'f36aac8371fa087f6093b4b0f9bc2cfd', '2016-08-17 21:55:09', '11', '0', null, '1', null);
INSERT INTO `token` VALUES ('63', '0700b4c59b99cff2394de9ffd818d286', '2016-08-17 21:59:28', '11', '0', null, '1', null);
INSERT INTO `token` VALUES ('64', '29d835a7cf549b23589cfb6da0d9b2ed', '2016-08-17 22:00:46', '11', '0', null, '1', null);
INSERT INTO `token` VALUES ('65', 'a460eaf928b2f51f88e040d661baf2fb', '2016-08-17 22:15:24', '11', '0', null, '1', null);
INSERT INTO `token` VALUES ('66', '9ad6a741267154715ce31935b3d9beda', '2016-08-17 22:23:54', '11', '0', null, '1', null);
INSERT INTO `token` VALUES ('67', 'c4c4aac1586167eeddc5f1bbd615289d', '2016-08-17 22:27:47', '11', '0', null, '1', null);
INSERT INTO `token` VALUES ('68', 'b35c84b593c7da2bb7bcb6471c102a1f', '2016-08-17 22:35:09', '11', '0', null, '1', null);
INSERT INTO `token` VALUES ('70', 'ed44f88134e58ae4db795cced054b8de', '2016-08-17 22:50:22', '110', '0', null, '1', null);
INSERT INTO `token` VALUES ('71', 'b39dab67309eb6a4d9b7512d23f88a07', '2016-08-17 22:51:46', '110', '0', null, '1', null);
INSERT INTO `token` VALUES ('72', '976c2097c1271f3b536c535ac6dbee2a', '2016-08-17 22:52:43', '110', '0', null, '1', null);
INSERT INTO `token` VALUES ('73', '5fa73004c3fee478f48c587490dc8a6a', '2016-08-17 22:53:23', '110', '0', null, '1', null);
INSERT INTO `token` VALUES ('74', 'be2bdd0ab183e8f9bdbc842cb97bc0bd', '2016-08-17 22:54:26', '110', '0', null, '1', null);
INSERT INTO `token` VALUES ('75', '7cee09f6c4798160331e40f9575f3e1d', '2016-08-17 23:28:15', '110', '0', null, '1', null);
INSERT INTO `token` VALUES ('76', '2d8261702f9a90eb8aa88c6d891babb5', '2016-08-17 23:44:07', '110', '0', null, '1', null);
INSERT INTO `token` VALUES ('77', '22335102d56560020a624372c03e6211', '2016-08-17 23:47:14', '110', '0', null, '1', null);
INSERT INTO `token` VALUES ('78', 'dacf70dc7ae35045c40e60c4bcfad4a2', '2016-08-18 00:06:19', '123', '0', null, '1', null);
INSERT INTO `token` VALUES ('80', '09f755f8a5e4c9d24aa21c3ef11b21c2', '2016-08-18 00:08:21', '110', '0', null, '1', null);
INSERT INTO `token` VALUES ('81', 'b39f17359ca5d5a0b4d39f7e2c49f17b', '2016-08-18 00:34:25', '110', '0', null, '1', null);
INSERT INTO `token` VALUES ('82', '4f51e3bf4fcd62fd721c6e1c10867e9b', '2016-08-18 00:38:18', '110', '0', null, '1', null);
INSERT INTO `token` VALUES ('83', '31de2675a3b63c700964b140c3c41fbb', '2016-08-18 08:01:39', '110', '0', null, '1', null);
INSERT INTO `token` VALUES ('84', 'd9d9a6ddb8da49b81bfb9f4febb129c8', '2016-08-18 08:32:55', '11', '0', null, '1', null);
INSERT INTO `token` VALUES ('85', 'd3c60d76be551a2687bf300b4e9875e3', '2016-08-18 09:21:39', '1', '0', null, '3', null);
INSERT INTO `token` VALUES ('86', '7d0e8e415a3d7d85244938811eb98b90', '2016-08-18 09:23:28', '1', '0', null, '1', null);
INSERT INTO `token` VALUES ('87', 'ce85fd69a3e0a6451f655c96e53e11e6', '2016-08-18 09:24:20', '1', '0', null, '1', null);
INSERT INTO `token` VALUES ('88', '04bd3deec8a2864358cc65647e736740', '2016-08-18 09:24:57', '1', '0', null, '1', null);
INSERT INTO `token` VALUES ('89', 'bdc4221827200bc3d337f89f99b82faf', '2016-08-18 09:36:19', '1', '0', null, '1', null);
INSERT INTO `token` VALUES ('90', '8685003cb70d62762f8964a68e9a2b23', '2016-08-18 09:58:14', '11', '0', null, '1', null);
INSERT INTO `token` VALUES ('91', '134bcc51b3795cc892b86487dcef4a23', '2016-08-18 09:59:58', '11', '0', null, '1', null);
INSERT INTO `token` VALUES ('92', '552e088e8a845f0223ea70710d06678d', '2016-08-18 10:21:30', '11', '0', null, '1', '11');
INSERT INTO `token` VALUES ('93', '3201f55b102bd715e743204251f2b126', '2016-08-18 10:21:10', '110', '0', null, '1', null);
INSERT INTO `token` VALUES ('94', '9d2ec2e4f3a68b9c8fc38053292b7ac0', '2016-08-18 10:25:15', '11', '0', null, '1', '11');
INSERT INTO `token` VALUES ('95', 'd33ac4b51c4a58e418746309e9617c65', '2016-08-18 10:25:33', '110', '0', null, '1', null);
INSERT INTO `token` VALUES ('96', '4355f52e40ae1187d9a81ee692058291', '2016-08-18 10:27:26', '110', '0', null, '1', null);
INSERT INTO `token` VALUES ('97', '6dcfeb324a2708649d86ba77fd2b7524', '2016-08-18 10:30:48', '110', '0', null, '1', null);
INSERT INTO `token` VALUES ('98', 'fe135bf8aefbd1739d4e8c55a2dacb65', '2016-08-18 10:33:40', '110', '0', null, '1', null);
INSERT INTO `token` VALUES ('99', '35c30c2dd6728eff5f3fe168cf416cdc', '2016-08-18 10:35:12', '110', '0', null, '1', null);
INSERT INTO `token` VALUES ('100', '618b484135516210ef55b18cc445cffd', '2016-08-18 10:40:01', '110', '0', null, '1', null);
INSERT INTO `token` VALUES ('101', '9b22e6a653c8195e50443ade6fa2612c', '2016-08-18 10:41:02', '110', '0', null, '1', null);
INSERT INTO `token` VALUES ('102', '7106c41d5af3f544b5ff859b7e8e51b1', '2016-08-18 10:41:51', '110', '0', null, '1', null);
INSERT INTO `token` VALUES ('103', '1b2f51c8fcc4edb0b9a1ea9860fd0a6a', '2016-08-18 10:43:28', '110', '0', null, '1', null);
INSERT INTO `token` VALUES ('104', '1f0f9a79e8e63800e956708b77cbd0a2', '2016-08-18 10:43:52', '110', '0', null, '1', null);
INSERT INTO `token` VALUES ('105', '77ebcf981b252dff4a39c80abe66759c', '2016-08-18 10:50:30', '110', '0', null, '1', null);
INSERT INTO `token` VALUES ('106', 'aea0fa4e00af70371730c5cb9de90ecd', '2016-08-18 10:52:23', '110', '0', null, '1', null);
INSERT INTO `token` VALUES ('107', 'f93131d2b71c6ea9dce2eb538342da8d', '2016-08-18 10:54:27', '110', '0', null, '1', null);
INSERT INTO `token` VALUES ('108', '6db6c990ec1945beff7128471579ba5b', '2016-08-18 10:55:38', '110', '0', null, '1', null);
INSERT INTO `token` VALUES ('109', 'd2e4361ef18a731fb748b8b28bf9fe94', '2016-08-18 10:57:50', '110', '0', null, '1', null);
INSERT INTO `token` VALUES ('110', '950b678d9f0b0873b86eaefd4bbcbb17', '2016-08-18 10:58:13', '110', '0', null, '1', null);
INSERT INTO `token` VALUES ('111', 'd4c697a20327391049fb82dccbe822e4', '2016-08-18 11:07:22', '110', '0', null, '1', null);
INSERT INTO `token` VALUES ('112', '3a9016262af3809a0237d805cedbdafe', '2016-08-18 11:10:21', '110', '0', null, '1', null);
INSERT INTO `token` VALUES ('113', '63cbb0ca1ae05db1cd6495f0bf47cc4f', '2016-08-18 11:46:01', '11', '0', null, '1', '11');
INSERT INTO `token` VALUES ('114', 'ffb3d1da830b20975198652725264b77', '2016-08-18 11:45:25', '110', '0', null, '1', null);
INSERT INTO `token` VALUES ('115', '7d1e7102a3d8de91b5f21f9db1460f08', '2016-08-18 11:48:28', '110', '0', null, '1', null);
INSERT INTO `token` VALUES ('116', '113490b382d5b6c1b2fed5657d824da4', '2016-08-18 11:51:18', '110', '0', null, '1', null);
INSERT INTO `token` VALUES ('117', '190a180cae785862c227c0689ded6a65', '2016-08-18 11:52:14', '11', '0', null, '1', null);
INSERT INTO `token` VALUES ('118', '73104a47ee555eafc8bddafb7b486209', '2016-08-18 11:55:25', '110', '0', null, '1', null);
INSERT INTO `token` VALUES ('119', '85dd4c1c0c78b2641271fa57a5c93a50', '2016-08-18 12:25:41', '110', '0', null, '1', null);
INSERT INTO `token` VALUES ('120', '288192430277d6654509f2e83558ecae', '2016-08-18 12:42:38', '110', '0', null, '1', null);
INSERT INTO `token` VALUES ('121', '26f0e85d0eb4a552fb8a5b257a9097f0', '2016-08-18 13:19:49', '110', '0', null, '1', null);
INSERT INTO `token` VALUES ('122', 'b71196a9c6f2275fd7047e6caecfac1c', '2016-08-18 13:34:36', '110', '0', null, '1', null);
INSERT INTO `token` VALUES ('123', 'f2e4b3a00861c9d780b60eeff6676411', '2016-08-18 13:37:01', '110', '0', null, '1', null);
INSERT INTO `token` VALUES ('124', 'b6143fa97b27eb6e1ed8be9ad89d5fa6', '2016-08-18 13:48:59', '110', '0', null, '1', null);
INSERT INTO `token` VALUES ('125', '6e9f63f29babc17e1fdc655d16e3ada5', '2016-08-18 13:50:16', '110', '0', null, '1', null);
INSERT INTO `token` VALUES ('126', '71c001ca56c62b9c885d9b76db272d35', '2016-08-18 14:18:16', '11', '0', null, '1', null);
INSERT INTO `token` VALUES ('127', 'b6f3596a932c04becb08a9616549a656', '2016-08-18 14:20:13', '11', '0', null, '1', null);
INSERT INTO `token` VALUES ('128', 'e4677e3d5f71bc0adbc46af29bf4557e', '2016-08-18 14:28:53', '11', '0', null, '1', null);
INSERT INTO `token` VALUES ('129', 'fcfc15c0342ccf9feeec1228a3e17d79', '2016-08-18 14:42:10', '11', '0', null, '1', null);
INSERT INTO `token` VALUES ('130', '3ca43cf11016830a79f54a85a5522640', '2016-08-18 14:54:59', '11', '0', null, '1', null);
INSERT INTO `token` VALUES ('131', '792c429721abfd12104a3335e539609f', '2016-08-18 15:04:45', '11', '0', null, '1', null);
INSERT INTO `token` VALUES ('132', '4f55861322361b115e8023ba03996a3c', '2016-08-18 15:15:20', '11', '0', null, '1', null);
INSERT INTO `token` VALUES ('133', '1150f25ab60bfdffb55d8779d2c41487', '2016-08-18 15:16:05', '1', '0', null, '1', null);
INSERT INTO `token` VALUES ('134', '7d8722660adfc35e00172dd7cb212c87', '2016-08-18 15:17:06', '1', '0', null, '1', null);
INSERT INTO `token` VALUES ('135', '500284da1f28e9f1f27198a8659ee550', '2016-08-20 16:08:16', '11', '0', null, '1', '83');
INSERT INTO `token` VALUES ('136', '69319e45cb3cf584ce2f799e38a067fa', '2016-08-20 15:12:05', '110', '0', null, '1', null);
INSERT INTO `token` VALUES ('137', '7a7f0e56efcb8c682bef7543afdffab0', '2016-08-20 15:25:47', '11', '0', null, '1', null);
INSERT INTO `token` VALUES ('138', 'cfb0efe3cd9aeb3f0fce224c20c9164f', '2016-08-20 15:26:55', '11', '0', null, '1', null);
INSERT INTO `token` VALUES ('139', 'dc4ddd97a89fd2c356baa854742fb82d', '2016-08-20 15:38:08', '11', '0', null, '1', null);
INSERT INTO `token` VALUES ('140', '6158c156907685eb252b8a693397b436', '2016-08-20 15:40:38', '11', '0', null, '1', null);
INSERT INTO `token` VALUES ('141', '625afa39506ab12e2e83eaa2a05df32c', '2016-08-20 16:09:44', '11', '0', null, '1', null);
INSERT INTO `token` VALUES ('142', '120eca05ba0147e928ab3f545c394974', '2016-08-20 16:34:09', '11', '0', null, '2', '85');
INSERT INTO `token` VALUES ('143', 'e5fc4a4095824fb2e3d0f2bc12a06fd6', '2016-08-20 16:11:45', '110', '0', null, '1', null);
INSERT INTO `token` VALUES ('144', 'e95949806cf150e2098dd161fdb8efff', '2016-08-20 17:14:00', '11', '0', null, '1', '85');
INSERT INTO `token` VALUES ('145', '8bda3c222525fd26c8a1577c668058a6', '2016-08-20 16:53:47', '11', '0', null, '1', null);
INSERT INTO `token` VALUES ('146', 'abeff35a6bccf8827bf8e8a8fa21af89', '2016-08-20 16:55:33', '11', '0', null, '2', null);
INSERT INTO `token` VALUES ('147', 'b09334b909fef4acb0a628f689ea913b', '2016-08-20 16:57:27', '11', '0', null, '1', null);
INSERT INTO `token` VALUES ('148', '1825602c540130f29fc5dd6afb3a7c76', '2016-08-20 17:16:03', '11', '0', null, '2', '84');
INSERT INTO `token` VALUES ('149', 'f3265b8678ae85eee515f4fcaf116d0d', '2016-08-20 16:59:21', '110', '0', null, '1', null);
INSERT INTO `token` VALUES ('150', 'bfadd0e4e24995c2ea586fd68ef98d9d', '2016-08-20 17:02:12', '11', '0', null, '2', null);
INSERT INTO `token` VALUES ('151', 'ca89c88e4a4965efd615a5445ed05c03', '2016-08-20 17:04:23', '125', '0', null, '1', null);
INSERT INTO `token` VALUES ('152', '68423b410f18e33af721c20aa98803b3', '2016-08-20 17:12:19', '110', '0', null, '1', null);
INSERT INTO `token` VALUES ('153', '1eeafd7ade22b21e57a9d6fd7e37a0f4', '2016-08-20 17:14:44', '11', '0', null, '2', null);
INSERT INTO `token` VALUES ('154', '435ef4fea6fc189ff98071df2af843d7', '2016-08-20 17:16:38', '11', '0', null, '1', '84');
INSERT INTO `token` VALUES ('155', 'eb0beaf9214ff3f68abe9a0cf88e9922', '2016-08-20 17:40:49', '11', '0', null, '1', '84');
INSERT INTO `token` VALUES ('156', '61fd97aaea3771d98c993ee181cd5b12', '2016-08-20 17:32:03', '11', '0', null, '1', null);
INSERT INTO `token` VALUES ('157', '3bbaebad9bf4e96b5e28dd0eff105d63', '2016-08-20 17:35:31', '11', '0', null, '1', null);
INSERT INTO `token` VALUES ('158', 'acd16b47bb926eecc0a85ceb65d4a2ec', '2016-08-20 17:47:58', '11', '0', null, '2', '84');
INSERT INTO `token` VALUES ('159', 'fe64faa2d6c76155e5954f0e014e8f47', '2016-08-20 17:47:15', '125', '0', null, '1', null);
INSERT INTO `token` VALUES ('160', 'c6590ed4318b8c2fe6b9024048468659', '2016-08-20 17:49:45', '110', '0', null, '1', null);
INSERT INTO `token` VALUES ('161', '5638a4eda846bd64d3bc85cc3e6ffae5', '2016-08-20 21:02:00', '11', '0', null, '1', '84');
INSERT INTO `token` VALUES ('162', 'c80e74274e7596fb2030add8a4aaa0dc', '2016-08-20 18:00:28', '110', '0', null, '1', null);
INSERT INTO `token` VALUES ('163', '878920e856abaade483f0443a750f8e9', '2016-08-20 19:45:42', '110', '0', null, '1', null);
INSERT INTO `token` VALUES ('164', 'f8c6af4def98629e51923407258eb470', '2016-08-20 20:13:43', '110', '0', null, '1', null);
INSERT INTO `token` VALUES ('165', '67859cb99bbeb091410d018176ea34a4', '2016-08-20 20:18:41', '110', '0', null, '1', null);
INSERT INTO `token` VALUES ('166', '1a6f567dcd88a3ccfbcd16d91615b97a', '2016-08-20 20:20:16', '110', '0', null, '1', null);
INSERT INTO `token` VALUES ('167', '94a984d2b98085b440856892af887e39', '2016-08-20 20:21:22', '110', '0', null, '1', null);
INSERT INTO `token` VALUES ('168', 'c02e1f0d34c704ec5565bb3933c7d1f3', '2016-08-20 20:24:31', '110', '0', null, '1', null);
INSERT INTO `token` VALUES ('169', 'b0e5ca3c8e7cc008caf491699f565d53', '2016-08-20 20:25:47', '110', '0', null, '1', null);
INSERT INTO `token` VALUES ('170', '173ff6cae08ad048961385c98226fbf5', '2016-08-20 20:49:32', '110', '0', null, '1', null);
INSERT INTO `token` VALUES ('171', 'd0aaa58a981c9d34591ecf7f9d294915', '2016-08-20 20:52:56', '110', '0', null, '1', null);
INSERT INTO `token` VALUES ('172', 'b965ba0b6a1010d043f9dd0fe27732fe', '2016-08-20 20:54:57', '110', '0', null, '1', null);
INSERT INTO `token` VALUES ('173', 'd7aa9e42fae7f03bcca5edacaf04efd9', '2016-08-20 21:03:57', '110', '0', null, '1', null);
INSERT INTO `token` VALUES ('174', 'c52ee776f58b00bc8184b853f8b79e37', '2016-08-20 21:07:12', '110', '0', null, '1', null);
INSERT INTO `token` VALUES ('175', '80b092ed9b9d92b10cd1f3221a0d70e7', '2016-08-20 21:07:30', '110', '0', null, '1', null);
INSERT INTO `token` VALUES ('176', '91698e9cbadde4d96edbee9698f9b207', '2016-08-20 21:13:02', '110', '0', null, '1', null);
INSERT INTO `token` VALUES ('177', '4e907bea8f06dc0de919c84e5c4e819f', '2016-08-20 21:18:57', '110', '0', null, '1', null);
INSERT INTO `token` VALUES ('178', '426fc11201e8c558b35a784c86ff9cc9', '2016-08-20 21:23:54', '110', '0', null, '1', null);
INSERT INTO `token` VALUES ('179', '68d0e2fe096867c1ba6f9a0a9b159f3a', '2016-08-20 21:27:08', '110', '0', null, '1', null);
INSERT INTO `token` VALUES ('180', 'fac3b40075132ca87d6c1908b56a0cca', '2016-08-20 21:39:41', '110', '0', null, '1', null);
INSERT INTO `token` VALUES ('181', '8dd61de94b703105ac92adec2ba126b6', '2016-08-20 21:47:13', '110', '0', null, '1', null);
INSERT INTO `token` VALUES ('182', '06873bc2e0460dd97eb95f66fa40cf54', '2016-08-20 21:47:41', '110', '0', null, '1', null);
INSERT INTO `token` VALUES ('183', '6b51ca47f659046c9dee21b54e0f2bc9', '2016-08-20 21:52:07', '110', '0', null, '1', null);
INSERT INTO `token` VALUES ('184', 'b05374f3d9000e86016ac3de762dfdf2', '2016-08-20 21:57:02', '110', '0', null, '1', null);
INSERT INTO `token` VALUES ('185', 'c37d5cbe37aca3ca95950d06e44e96d4', '2016-08-20 21:58:58', '110', '0', null, '1', null);
INSERT INTO `token` VALUES ('186', '75075d279d9d4f7384a760e1b7bbb992', '2016-08-21 15:01:59', '110', '0', null, '1', null);
INSERT INTO `token` VALUES ('187', 'c4b0e62aab68eb3ddcbc6c14c64cb67d', '2016-08-21 15:02:33', '110', '0', null, '1', null);
INSERT INTO `token` VALUES ('188', '72ea87edb9f69697b66ad9f25e1e6595', '2016-08-21 15:02:48', '110', '0', null, '1', null);
INSERT INTO `token` VALUES ('189', '2b1c9706096fee3fedcc48738c9e8aff', '2016-08-21 15:06:13', '110', '0', null, '1', null);
INSERT INTO `token` VALUES ('190', '79b4efdf53bfc262091d069078b75e9d', '2016-08-21 15:06:42', '110', '0', null, '1', null);
INSERT INTO `token` VALUES ('191', 'e695332b9594bfabd5a21c1bb4f73d60', '2016-08-21 15:12:09', '110', '0', null, '1', null);
INSERT INTO `token` VALUES ('192', 'fdb73e51519c0ac5b0a77b941c9ff95e', '2016-08-21 15:15:02', '110', '0', null, '1', null);
INSERT INTO `token` VALUES ('193', '98d296e22d6a6a48b34217ea12256fa7', '2016-08-21 15:20:29', '110', '0', null, '1', null);
INSERT INTO `token` VALUES ('194', '9a1b84c4081cba6caafc8c33a998c71b', '2016-08-21 15:20:55', '110', '0', null, '1', null);
INSERT INTO `token` VALUES ('195', '14ca0476894a39fed648d4f578575817', '2016-08-21 15:24:32', '110', '0', null, '1', null);
INSERT INTO `token` VALUES ('196', '62993c91e391d6830c0b3e445e153b84', '2016-08-21 15:28:45', '110', '0', null, '1', null);
INSERT INTO `token` VALUES ('197', '472240799e6d269067ed0f8dcea8ed50', '2016-08-21 16:17:59', '110', '0', null, '1', null);
INSERT INTO `token` VALUES ('198', 'b4971197c2af33b6a688d0496709ee82', '2016-08-21 16:20:34', '110', '0', null, '1', null);
INSERT INTO `token` VALUES ('199', 'f89b0902366fa3516584bef3a4666a75', '2016-08-21 16:23:36', '110', '0', null, '1', null);
INSERT INTO `token` VALUES ('200', '2fd8edf7ceafc5da718bb2181c09a979', '2016-08-21 16:26:22', '110', '0', null, '1', null);
INSERT INTO `token` VALUES ('201', '686b00fc509ddf388234733219f700fc', '2016-08-21 16:30:35', '110', '0', null, '1', null);
INSERT INTO `token` VALUES ('202', 'd7fca0ac478175c9ea69ba549548fb10', '2016-08-21 16:32:53', '110', '0', null, '1', null);
INSERT INTO `token` VALUES ('203', '4dc942f23246a6aeda94afce08be89ac', '2016-08-21 17:00:33', '110', '0', null, '1', null);
INSERT INTO `token` VALUES ('204', 'e5beaa9d3de9792529cc01667d26e53a', '2016-08-21 17:06:46', '110', '0', null, '1', null);
INSERT INTO `token` VALUES ('205', '8ec298aecb69095524441ce8c048aafd', '2016-08-21 17:10:11', '110', '0', null, '1', null);
INSERT INTO `token` VALUES ('206', '9dc48f72e027607057d66bf8f5c75f27', '2016-08-21 17:44:57', '110', '0', null, '1', null);
INSERT INTO `token` VALUES ('207', '98bf9e8b358ef835f3ec1f437561e963', '2016-08-21 17:52:18', '110', '0', null, '1', null);
INSERT INTO `token` VALUES ('208', '099579788dcfb68051b2b2f386afccd2', '2016-08-21 18:06:12', '110', '0', null, '1', null);
INSERT INTO `token` VALUES ('209', 'e2f50013cd2daafcbed37f7cf0fcf0f8', '2016-08-21 19:04:43', '11', '0', null, '1', '85');
INSERT INTO `token` VALUES ('210', '9a6d6d17338711dc9348f3a642eb0492', '2016-08-21 19:05:37', '11', '0', null, '1', '85');
INSERT INTO `token` VALUES ('211', 'dfc0a9060382f2b53aa24bf130b59c84', '2016-08-21 19:11:04', '110', '0', null, '1', null);
INSERT INTO `token` VALUES ('212', 'f2ec54fa40248a95c11025828708a3b5', '2016-08-21 19:12:16', '11', '0', null, '1', '85');
INSERT INTO `token` VALUES ('213', '861fbbcc48c52bfa6ac1b848f9007e30', '2016-08-21 19:12:54', '11', '0', null, '1', '85');
INSERT INTO `token` VALUES ('214', '8c5fc2b41fce99971d8e0a49817d36c9', '2016-08-21 19:27:42', '11', '0', null, '1', '85');
INSERT INTO `token` VALUES ('215', 'a796153574a7385cdd21b6859dc1e2b1', '2016-08-21 19:28:01', '11', '0', null, '1', '85');
INSERT INTO `token` VALUES ('216', '0612fe5525a72168d5fbf1a4e3e9b8b4', '2016-08-21 19:28:34', '11', '0', null, '1', '85');
INSERT INTO `token` VALUES ('217', '64f62754b7d0bc67d6f5a7d6c3de3fa1', '2016-08-21 19:28:55', '77', '0', null, '3', null);
INSERT INTO `token` VALUES ('218', 'e766202327962aa8ade8aca9af893113', '2016-08-21 20:03:36', '110', '0', null, '1', null);
INSERT INTO `token` VALUES ('219', '8c47f3a5308f0bbb5ab80f30e1c48bf6', '2016-08-21 20:04:44', '110', '0', null, '1', null);
INSERT INTO `token` VALUES ('220', 'ba2d313c2a3f82dc70f3fd0c0459bbcc', '2016-08-21 20:17:25', '110', '0', null, '1', null);
INSERT INTO `token` VALUES ('221', 'a7490305204fd03026df785b2314c383', '2016-08-21 20:20:22', '110', '0', null, '1', null);
INSERT INTO `token` VALUES ('222', '0c4949209889f370869e4bd9be57fe46', '2016-08-21 20:25:46', '110', '0', null, '1', null);
INSERT INTO `token` VALUES ('223', 'f10af2eba843f749b94a445ce1f55792', '2016-08-21 20:26:19', '110', '0', null, '1', null);
INSERT INTO `token` VALUES ('224', '8ced2bbe8e275733b6d1843d51da0f4a', '2016-08-21 20:28:03', '110', '0', null, '1', null);
INSERT INTO `token` VALUES ('225', 'b0656a75fad26ab16478875959beb0b3', '2016-08-21 20:39:43', '110', '0', null, '1', null);
INSERT INTO `token` VALUES ('226', '015566d8f94a9b01b5078175c6bc5306', '2016-08-21 20:40:40', '110', '0', null, '1', null);
INSERT INTO `token` VALUES ('227', '9d822aea0b582e733808e805e7e8ce5b', '2016-08-21 20:41:11', '110', '0', null, '1', null);
INSERT INTO `token` VALUES ('228', '3832fea6e2694c2ae96b1d214a8eda08', '2016-08-21 21:25:10', '110', '0', null, '1', null);
INSERT INTO `token` VALUES ('229', 'bcbe7386a42ac62c049fddcb546264f3', '2016-08-21 21:39:21', '110', '0', null, '1', null);
INSERT INTO `token` VALUES ('230', '71681e04a2665fa35122473b0c8eb86c', '2016-08-21 21:41:25', '110', '0', null, '1', null);
INSERT INTO `token` VALUES ('231', 'aece2c05133e1c2a54f45179e2199e8b', '2016-08-21 21:43:20', '11', '0', null, '1', null);
INSERT INTO `token` VALUES ('232', '0eee991854c820af81f1d859a6113ab7', '2016-08-21 21:46:12', '11', '0', null, '1', '85');
INSERT INTO `token` VALUES ('233', 'cd54b241fd10e737b57746ba06c945aa', '2016-08-21 21:48:17', '11', '0', null, '1', '85');
INSERT INTO `token` VALUES ('234', '461532a73deca136abeee588ddd5ae86', '2016-08-21 21:51:03', '11', '0', null, '2', null);
INSERT INTO `token` VALUES ('235', '7089332d6fe284839461bda3919b84c6', '2016-08-21 21:51:35', '11', '0', null, '1', null);
INSERT INTO `token` VALUES ('236', '5876fddad3445010ed12278d2be43096', '2016-08-21 21:52:03', '11', '0', null, '2', null);
INSERT INTO `token` VALUES ('237', '7a5be07e89bdd536f5a40a74ad4ae0d2', '2016-08-21 21:52:25', '11', '0', null, '3', '85');
INSERT INTO `token` VALUES ('238', 'cde49643ad82ba4df3b70c0e1ad9db30', '2016-08-21 21:57:38', '110', '0', null, '1', null);
INSERT INTO `token` VALUES ('239', '2195ed1c9164d7e3e5bf305435609ea5', '2016-08-21 22:07:46', '110', '0', null, '1', null);
INSERT INTO `token` VALUES ('240', '4e5eff71011aa09a0c5f8c6ce7d96f05', '2016-08-21 22:08:13', '110', '0', null, '1', null);
INSERT INTO `token` VALUES ('241', '2cb7cc0549ca18f560cb95209df31fa4', '2016-08-21 22:19:50', '110', '0', null, '1', null);
INSERT INTO `token` VALUES ('242', '1c84ea4e9b256d9283dc9e756561768f', '2016-08-21 22:22:10', '110', '0', null, '1', null);
INSERT INTO `token` VALUES ('243', '2f32f3507d6f559c6bd6531897288f03', '2016-08-21 22:23:01', '110', '0', null, '1', null);
INSERT INTO `token` VALUES ('244', '8ef21380323893665bce17b5a082922c', '2016-08-21 22:26:10', '11', '0', null, '2', null);
INSERT INTO `token` VALUES ('245', '10ed0589fb6767cf1081083876de3193', '2016-08-21 22:29:15', '11', '0', null, '1', '85');
INSERT INTO `token` VALUES ('246', 'e27ceded4b8fbe4cad4466e89a5c1a32', '2016-08-21 22:32:51', '110', '0', null, '1', null);
INSERT INTO `token` VALUES ('247', '3d4d4ddef92eb75cfddd9a2eac8a3778', '2016-08-21 22:36:00', '110', '0', null, '1', null);
INSERT INTO `token` VALUES ('248', 'ba6f01ac1746baad2ad680335908bdda', '2016-08-22 02:45:22', '110', '0', null, '1', null);
INSERT INTO `token` VALUES ('249', 'd19097387c5927c26fcc8e425d74d95d', '2016-08-22 11:44:37', '110', '0', null, '1', null);
INSERT INTO `token` VALUES ('250', '5d25b70dbd1b83946209c091716c2b0c', '2016-08-22 13:48:28', '110', '0', null, '1', null);
INSERT INTO `token` VALUES ('251', 'd928f648f0b017b4a799fda139d53b50', '2016-08-22 14:57:48', '110', '0', null, '1', null);
INSERT INTO `token` VALUES ('252', '73a294fb77c2602d2c4ceaf720921f66', '2016-08-22 15:01:14', '110', '0', null, '1', null);
INSERT INTO `token` VALUES ('253', 'ff3d819b55b49c77761ad4611ce433c1', '2016-08-22 15:28:57', '11', '0', null, '2', null);
INSERT INTO `token` VALUES ('254', '13a74533ad3181dfdb6eac100efda58c', '2016-08-22 15:30:48', '110', '0', null, '1', null);
INSERT INTO `token` VALUES ('255', 'ae7563c1f62d2b3caccd569f2e8de3c5', '2016-08-22 15:31:27', '11', '0', null, '2', null);
INSERT INTO `token` VALUES ('256', '1fdaa36e6e806d7d8f39ece985c61c62', '2016-08-22 15:34:46', '11', '0', null, '2', '85');
INSERT INTO `token` VALUES ('257', 'be6b36991e0ac9b71c9c99e2f079ab26', '2016-08-22 16:02:19', '110', '0', null, '1', null);
INSERT INTO `token` VALUES ('258', '37d3204a92a4a533100b110e288c2d9d', '2016-08-22 16:04:19', '110', '0', null, '1', null);
INSERT INTO `token` VALUES ('259', '2b3214abcbe7bd8b847c1a36613595ed', '2016-08-22 16:11:17', '110', '0', null, '1', null);
INSERT INTO `token` VALUES ('260', '65d0de3eaaace4227a6491ab3d1c44b0', '2016-08-22 16:14:05', '110', '0', null, '1', null);
INSERT INTO `token` VALUES ('261', 'b284bb2a79b18a6062e275df36158413', '2016-08-22 16:15:28', '110', '0', null, '1', null);
INSERT INTO `token` VALUES ('262', 'ab7cf89d45ff6e4021cb97b3d2dc99a5', '2016-08-22 16:15:38', '110', '0', null, '1', null);
INSERT INTO `token` VALUES ('263', 'cbadddef74620822d56873a5a17c46f1', '2016-08-22 16:16:13', '110', '0', null, '1', null);
INSERT INTO `token` VALUES ('264', '47dd72cd0431809ae3d0b4a4dc3acf5a', '2016-08-22 16:17:07', '110', '0', null, '1', null);
INSERT INTO `token` VALUES ('265', '65102204ef268d27b4788bc4acfb47a4', '2016-08-22 16:17:49', '110', '0', null, '1', null);
INSERT INTO `token` VALUES ('266', 'f642a642316db4fd64c7f97f5c2bbdc5', '2016-08-22 16:19:00', '110', '0', null, '1', null);
INSERT INTO `token` VALUES ('267', '8c9139426a1a06e5759ad642c698d29a', '2016-08-22 16:24:54', '110', '0', null, '1', null);
INSERT INTO `token` VALUES ('268', 'b062d3bfbec7ce3fa188c5e18cf56217', '2016-08-22 16:25:27', '110', '0', null, '1', null);
INSERT INTO `token` VALUES ('269', '1c22c194cc0e08840495fa52b39606c9', '2016-08-22 16:30:05', '110', '0', null, '1', null);
INSERT INTO `token` VALUES ('270', 'f4dee0cbdd067e9bcf4163a3533e88ef', '2016-08-22 16:31:27', '11', '0', null, '2', '85');
INSERT INTO `token` VALUES ('271', '277c036e4308799be2f102b3d8eb57f4', '2016-08-22 16:37:05', '110', '0', null, '1', null);
INSERT INTO `token` VALUES ('272', '62efb88cf26d86346db72cb2263d5b7c', '2016-08-22 16:38:53', '110', '0', null, '1', null);
INSERT INTO `token` VALUES ('273', 'cf26ab10c6e16abcf055ae6f07e9530e', '2016-08-22 16:47:17', '11', '0', null, '2', '86');
INSERT INTO `token` VALUES ('274', 'fd91eb2279e0044acf4d664a2c508a3c', '2016-08-22 16:49:47', '11', '0', null, '2', '86');
INSERT INTO `token` VALUES ('275', '21b320c8710ea1b2f9a498e8c1fa2d0e', '2016-08-22 16:58:19', '11', '0', null, '2', '86');
INSERT INTO `token` VALUES ('276', 'fb54f75cea4c2fb188425055ae070d61', '2016-08-22 17:00:12', '110', '0', null, '1', null);
INSERT INTO `token` VALUES ('277', '0f9cb480b47cebce56b3c9fcef4900b5', '2016-08-22 17:02:52', '11', '0', null, '2', '86');
INSERT INTO `token` VALUES ('278', '9d3e00913ee6b4d692ae5c4de9ac356b', '2016-08-22 17:12:16', '110', '0', null, '1', null);
INSERT INTO `token` VALUES ('279', 'c56d17cf1684aeeeb7bf39a139672dde', '2016-08-22 17:14:50', '110', '0', null, '1', null);
INSERT INTO `token` VALUES ('280', '575b794c8e4cc6f849b849dceaf288f7', '2016-08-22 17:20:46', '110', '0', null, '1', null);
INSERT INTO `token` VALUES ('281', '22359fda39a2cb567f56b1fc84801780', '2016-08-22 17:21:42', '110', '0', null, '1', null);
INSERT INTO `token` VALUES ('282', '99b1b7178edd52f7e6be2d068644dd81', '2016-08-22 17:23:18', '110', '0', null, '1', null);
INSERT INTO `token` VALUES ('283', 'e60cfdf056fed2f04fcc08d6c4b8e471', '2016-08-22 17:24:12', '110', '0', null, '1', null);
INSERT INTO `token` VALUES ('284', '59630f60fcd7376b61097c98d31a49e8', '2016-08-22 17:28:20', '110', '0', null, '1', null);
INSERT INTO `token` VALUES ('285', '670fa9c0c1ee477aacf24c7a1e90128a', '2016-08-22 17:28:54', '110', '0', null, '1', null);
INSERT INTO `token` VALUES ('286', 'a6752e4d9a21fe4f6cd8b7ceb2f87968', '2016-08-22 17:45:09', '11', '0', null, '2', '85');
INSERT INTO `token` VALUES ('287', '89ad4499179372638c092cecdb0b335c', '2016-08-22 17:48:51', '11', '0', null, '2', null);
INSERT INTO `token` VALUES ('288', '19bdf59966c6740e5a6e56230e459a20', '2016-08-22 17:49:20', '11', '0', null, '2', null);
INSERT INTO `token` VALUES ('289', '551a557fc242ecd0679d0cc8cc652393', '2016-08-22 17:51:31', '110', '0', null, '1', null);
INSERT INTO `token` VALUES ('290', 'c1baf5ebc045a0c77d1d11bd49ea2137', '2016-08-22 17:51:51', '11', '0', null, '2', null);
INSERT INTO `token` VALUES ('291', '965b3724fa9b92742ce0b3e475f44735', '2016-08-22 17:59:41', '110', '0', null, '1', null);
INSERT INTO `token` VALUES ('292', '464182a8c56a534d3859661af58cb28c', '2016-08-22 18:00:31', '110', '0', null, '1', null);
INSERT INTO `token` VALUES ('293', '0e42861cfc88b1939ea96326f1af528e', '2016-08-22 18:49:02', '11', '0', null, '2', null);
INSERT INTO `token` VALUES ('294', 'aef1b38b8ce5aa7db92246c8c95a9333', '2016-08-22 20:14:25', '1', '0', null, '3', null);
INSERT INTO `token` VALUES ('295', '9237a002a8ae5f404472a2459335f5af', '2016-08-22 20:15:08', '1', '0', null, '2', null);
INSERT INTO `token` VALUES ('296', '845a667cb5269252c0136fc928991376', '2016-08-22 20:47:48', '1', '0', null, '3', null);
INSERT INTO `token` VALUES ('298', 'f7c900c8b027b5747481efcdf3165c61', '2016-08-22 21:30:09', '110', '0', null, '1', null);
INSERT INTO `token` VALUES ('299', 'b218b93d71e0b4d4711215c78a1a92c7', '2016-08-22 21:38:00', '110', '0', null, '1', null);
INSERT INTO `token` VALUES ('300', '65518907d338ed63046acc981ac0ac5b', '2016-08-22 22:07:15', '110', '0', null, '1', null);
INSERT INTO `token` VALUES ('301', '9cac6b41e2be4bf24e794aec56363b16', '2016-08-23 12:27:59', '110', '0', null, '1', null);
INSERT INTO `token` VALUES ('302', '0a898cd6e151b9219418da32cb870c4e', '2016-08-23 15:32:29', '110', '0', null, '1', null);
INSERT INTO `token` VALUES ('303', '102286c151ae75193d1765738fa6c3b2', '2016-08-23 15:32:47', '11', '0', null, '2', null);
INSERT INTO `token` VALUES ('305', '5fe33255eddd1a65a802f35806e2d341', '2016-08-23 16:13:52', '1', '0', null, '2', null);
INSERT INTO `token` VALUES ('306', '78bb3c30f1d4338a37c6115a1917ef3e', '2016-08-23 16:14:15', '11', '0', null, '2', null);
INSERT INTO `token` VALUES ('307', '55b2c9404c6a80a60f8d45e0dd75ae13', '2016-08-23 16:15:32', '11', '0', null, '2', '86');
INSERT INTO `token` VALUES ('308', '8c7c963380476234d98ad0aa03c901f4', '2016-08-23 16:22:01', '110', '0', null, '1', null);
INSERT INTO `token` VALUES ('310', '63cd0e09b62e96fa91f2f9285cf24887', '2016-08-23 17:10:56', '82', '0', null, '1', null);
INSERT INTO `token` VALUES ('311', '70a325060c8a041ab80ea99f57ba5c0b', '2016-08-23 19:48:13', '82', '0', null, '1', null);
INSERT INTO `token` VALUES ('312', '5d180a7f1ebe8cf806594407f038997a', '2016-08-23 20:45:41', '82', '0', null, '2', null);
INSERT INTO `token` VALUES ('314', '5192d2b2067897a74a5a552f8dc131bd', '2016-08-23 21:07:41', '82', '0', null, '1', null);
INSERT INTO `token` VALUES ('322', '2bc750e3050e3351bffa1dd3f9d2a531', '2016-08-24 00:41:52', '77', '0', null, '3', null);
INSERT INTO `token` VALUES ('333', 'a72ea607e606b86016ee9656e6ff9f30', '2016-08-25 14:14:30', '11', '0', null, '2', null);
INSERT INTO `token` VALUES ('337', 'd5a14a560f897629f419a52580225d1f', '2016-08-25 17:54:34', '110', '0', null, '1', null);
INSERT INTO `token` VALUES ('338', 'ca64161e3a2100990bf6855ab959cd1c', '2016-08-25 17:54:55', '110', '0', null, '1', null);
INSERT INTO `token` VALUES ('339', 'ccb4fc77e414e5d6ca9c30234faff2c7', '2016-08-25 19:58:57', '110', '0', null, '1', null);
INSERT INTO `token` VALUES ('359', 'e9d760077177c965b5de62d69b40971b', '2016-08-26 10:25:41', '1', '0', null, '3', null);
INSERT INTO `token` VALUES ('360', '65411eaacc3e5f2c5bc6fe98b23cfc49', '2016-08-26 10:26:52', '1', '0', null, '3', null);
INSERT INTO `token` VALUES ('365', '95056d6e5ecb7b82940500af949474d5', '2016-08-26 13:20:11', '77', '0', null, '3', null);
INSERT INTO `token` VALUES ('367', '9f83d7d0fceafcdc3dc6f7649ba587f9', '2016-08-26 13:29:36', '11', '0', null, '2', '84');
INSERT INTO `token` VALUES ('369', 'c55075e0757e2fa4b2c5cfd1ce5935ae', '2016-08-26 13:37:24', '110', '0', null, '1', null);
INSERT INTO `token` VALUES ('378', 'b936b61fed1393a0e9eebfd8c90bc528', '2016-08-26 15:46:59', '77', '0', null, '3', null);
INSERT INTO `token` VALUES ('379', 'a53eff57ddcbcc93f0d4fc36ac58d338', '2016-08-26 23:48:57', '1', '0', null, '3', null);
INSERT INTO `token` VALUES ('381', 'c54681524be68dbf6f5e9cca46edda28', '2016-08-27 08:34:14', '11', '0', null, '2', '83');
INSERT INTO `token` VALUES ('383', '30e52587ccbf1b18ed0a31fda412c69c', '2016-08-27 09:09:16', '146', '0', null, '2', null);
INSERT INTO `token` VALUES ('387', 'ed6dc93ab896359094fb7d61ddbe2299', '2016-08-28 21:29:36', '11', '0', null, '2', null);
INSERT INTO `token` VALUES ('388', '4f6fb630c92d9f9ec34619ec26f0804d', '2016-09-05 15:04:38', '1', '0', null, '3', null);

-- ----------------------------
-- Table structure for token_type
-- ----------------------------
DROP TABLE IF EXISTS `token_type`;
CREATE TABLE `token_type` (
  `id` tinyint(4) NOT NULL AUTO_INCREMENT,
  `name` varchar(40) DEFAULT NULL,
  PRIMARY KEY (`id`)
) ENGINE=InnoDB AUTO_INCREMENT=4 DEFAULT CHARSET=utf8mb4;

-- ----------------------------
-- Records of token_type
-- ----------------------------
INSERT INTO `token_type` VALUES ('1', '学生');
INSERT INTO `token_type` VALUES ('2', '家长');
INSERT INTO `token_type` VALUES ('3', '老师');

-- ----------------------------
-- Table structure for user
-- ----------------------------
DROP TABLE IF EXISTS `user`;
CREATE TABLE `user` (
  `id` int(11) NOT NULL AUTO_INCREMENT,
  `name` varchar(255) NOT NULL,
  `gender` enum('M','F') DEFAULT 'M',
  `username` varchar(40) NOT NULL,
  `password` char(32) NOT NULL,
  `email` varchar(255) DEFAULT NULL,
  `phone` varchar(255) DEFAULT NULL,
  `status` tinyint(4) DEFAULT '1',
  `access` smallint(6) DEFAULT '200',
  `remark` varchar(255) DEFAULT NULL,
  `secret` char(32) NOT NULL,
  `school` varchar(255) DEFAULT NULL,
  `education` varchar(255) DEFAULT NULL,
  `signature` text,
  PRIMARY KEY (`id`),
  UNIQUE KEY `AK_Key_2` (`username`),
  KEY `access` (`access`),
  KEY `status` (`status`),
  CONSTRAINT `user_ibfk_1` FOREIGN KEY (`access`) REFERENCES `access` (`id`) ON DELETE CASCADE ON UPDATE CASCADE,
  CONSTRAINT `user_ibfk_2` FOREIGN KEY (`status`) REFERENCES `user_status` (`id`) ON DELETE CASCADE ON UPDATE CASCADE
) ENGINE=InnoDB AUTO_INCREMENT=147 DEFAULT CHARSET=utf8mb4;

-- ----------------------------
-- Records of user
-- ----------------------------
INSERT INTO `user` VALUES ('1', '鹳狸猿', 'F', 'banixc', '8b6fd4705919047fb67ee399f1460767', 'as@qqq', '1552946', '1', '3000', null, '365c31f7679f3491d30e527231182d81', '西北工业大学', '本科', '');
INSERT INTO `user` VALUES ('11', '家长', 'M', 'jiazhang', '824e56b17729d3ec1d2f69490e977664', null, '11111', '1', '50', null, 'ca0717ae4d5711f0a2d569fcd0ebb250', null, null, null);
INSERT INTO `user` VALUES ('77', '熊炜', 'M', 'jiaoshi', '17397eb2e46d162f22431fdfce3bc627', '', '2222', '1', '100', null, 'f722e2e08ba577fb14bb07b8d2eea8f9', 'xibei', 'xibei', '# woshigerenjianjie ');
INSERT INTO `user` VALUES ('82', '陈海量', 'M', 'zs', '73acbeefad9f4204ad407c4966677e19', null, '7895', '1', '10', null, '40e17a1bf07977c6e635e50334351a68', null, null, null);
INSERT INTO `user` VALUES ('83', '张梅珍', 'M', 'shui', '8fdb9fe88d2955d10dffbf76581bdcda', null, '18629240000', '1', '10', null, 'a346fac582739e16048760196602aa59', null, null, null);
INSERT INTO `user` VALUES ('84', '夏增明', 'M', '会', '87ddddc6c2ef2876c7ded1618006f3c2', null, '567', '1', '10', null, 'fb33eed0691a9db204f01307d6a0a92d', null, null, null);
INSERT INTO `user` VALUES ('85', '陈敏章', 'M', '就当', 'aa0ef64fe213670cd65d8b44a970eade', null, '97456423', '1', '10', null, '1cc00282e67aca547f9ee64e7fb1c83f', null, null, null);
INSERT INTO `user` VALUES ('86', '徐亮', 'M', '胡', '4312f64fb56f51229fb7f064ad259eb8', null, '123456', '1', '10', null, 'd7cbd35b37631213683378c1ac402770', null, null, null);
INSERT INTO `user` VALUES ('87', '陈德俊', 'M', '张三', '7a7232ae046d054d996d2915bd77779e', null, '1238', '1', '100', null, '15f8da5945e80f2593743f50631ecd8b', null, null, null);
INSERT INTO `user` VALUES ('89', '朱磊', 'M', 'pass1', '4207c522ef467e16db65c821f1b8cb1a', null, '23467', '1', '100', null, '15d82cca5e7c5955cb2e9e22d648e6b7', null, null, null);
INSERT INTO `user` VALUES ('91', '杨锐鹏', 'M', 'pass11', '8d375094ff3c4e39d3cf15559d145810', null, '12379', '1', '100', null, 'a0cd97c1848c5f25643317939975894a', null, null, null);
INSERT INTO `user` VALUES ('95', '柯学', 'M', '那晓得', '3d17f14b30bc8f62e7e4d375654dbef2', null, '1231279', '1', '10', null, '499cb1b7945d33eedc0a0875fafc75a9', null, null, null);
INSERT INTO `user` VALUES ('96', '邓小华', 'M', '面子', 'b5264d487cb3144d4232c24afeb46b3e', null, '123467', '1', '10', null, 'e35b605e610c4de5c625aaa4b6258965', null, null, null);
INSERT INTO `user` VALUES ('97', '李珉', 'M', '好咯啦咯', '4dee51503cef460b1973177b5da723c3', null, '123467', '1', '10', null, 'f841442dbf79b2dcbe04613e4f36f4ad', null, null, null);
INSERT INTO `user` VALUES ('98', '郭春明', 'M', 'pass112', '46fbf359d959a80b3e24584b47e2a379', null, '123789', '1', '10', null, 'ccf440df4cd32655761b494fc3984ba4', null, null, null);
INSERT INTO `user` VALUES ('99', '李金山', 'M', 'pass211', 'a191bf4341d04e75c23f80cbaad1cf11', null, '31237', '1', '10', null, '255d4eb73dfffa50a260e0ac5819ed5c', null, null, null);
INSERT INTO `user` VALUES ('101', '谢宏', 'M', 'pa1ss211', '8922012c28d025d1a3c8baa44a958ed1', null, '23146', '1', '10', null, '99be186228dd226d7536b2bac2d47615', null, null, null);
INSERT INTO `user` VALUES ('102', '章蛮', 'M', 'gfdc', '61050d3e3e132183fe526798118a2d70', null, '454545', '1', '50', null, 'df8d8eb31207155461c590d4dd7aef25', null, null, null);
INSERT INTO `user` VALUES ('103', '高平', 'M', 'gfdcg', 'a6e767eae89e015e822ab434a7944c36', null, '6584', '1', '50', null, '78c0f7dd1159faf3b27048aae87bacab', null, null, null);
INSERT INTO `user` VALUES ('104', '林起泰', 'M', 'gfdcgyy', '6d0ec0d10506a6ca6a764012699c267c', null, '154846487', '1', '50', null, '10d0b1ad76c1fa136bcffcf632279974', null, null, null);
INSERT INTO `user` VALUES ('105', '李霞', 'M', 'gfdcgyydh', '6c6778b2d70e520b61882c4000050844', null, '4459876546', '1', '50', null, '58aa67d09a8c2b6799c40b9ef65140b6', null, null, null);
INSERT INTO `user` VALUES ('106', '杜重治', 'M', 'gfdcgyydhf', '5101d7a44ead3c542f52132627d4c4d6', null, '1544965263', '1', '50', null, 'c48a4ba74f243490f4532132c8fc0c6d', null, null, null);
INSERT INTO `user` VALUES ('107', '陈锋', 'M', 'ppps', '69c9fd42a7dfc1e749d4a3760733fff2', null, '54545445', '1', '50', null, '37d3a1aacca7b6c139c2b1c23da44d4a', null, null, null);
INSERT INTO `user` VALUES ('108', '郑伯宁', 'M', '好吧', '0e1640f87324f9f239cbbc7c53ab8535', null, '4567123', '1', '50', null, '399f09724c30b3b73bb7800b3842694e', null, null, null);
INSERT INTO `user` VALUES ('109', '施华军', 'M', '明年', 'd9de41e9dc5f16959f58ed269549a6de', null, '14254545554', '1', '50', null, 'aa7ddd2c7e0a4ddacdf91e7ea7ec12ea', null, null, null);
INSERT INTO `user` VALUES ('110', '吴书振', 'M', 'xuesheng', '6350627b9c03c6eb22063451eb5c6560', null, '544541212', '1', '10', null, '9ccadc5eb81d7c5eab49ac759a5c2140', null, null, null);
INSERT INTO `user` VALUES ('118', '张宁', 'M', '阿狸', 'af8182b3393a894f7987a04f2fabeb79', null, '1454545878', '1', '50', null, '9183d77e79db4280421d3e1e9cebfde1', null, null, null);
INSERT INTO `user` VALUES ('119', '马世波', 'M', '回来了 ', '756b35c36dd8b01dabb554928a242b4c', null, '4542323', '1', '10', null, '5cc8614bcd20697cea7be41e256e9206', null, null, null);
INSERT INTO `user` VALUES ('120', '张章', 'M', 'dfgg', 'd2d35642a7a3824d7a71d665a6d8650c', null, '45454522', '1', '10', null, '6967f880f3a0520366a58b14a1e2333a', null, null, null);
INSERT INTO `user` VALUES ('121', '张竹影', 'M', '井柏然', '44014efbc9c847dfa893576bfad40ed3', null, '6548856', '1', '10', null, 'e69e369a392077c5d7c72e43343d5ae3', null, null, null);
INSERT INTO `user` VALUES ('122', '韩庆福', 'M', '1q', '8108f638daf57d2832189044bdc7ad52', null, '55895423', '1', '50', null, '8f8f0b526925dd261687ac419d2be15f', null, null, null);
INSERT INTO `user` VALUES ('123', '刘勇', 'M', '阿米尔', '709b23426d4ee95cf172ba419bcd3402', null, '787546', '1', '50', null, 'e2f441f7a3f2031c14d069b9c628d344', null, null, null);
INSERT INTO `user` VALUES ('124', '张忆湫', 'M', '爱', 'a534467c9670323f104fa3975219b5e3', null, '454878', '1', '50', null, 'f71c171cfdc729d35d27e54eb0e6c239', null, null, null);
INSERT INTO `user` VALUES ('125', '尚志兴', 'M', '1', 'c0e289225ea1d6a28d2f148e8dbbf6f8', null, null, '1', '50', null, '5dd8ce2f2f86a1290acab2ae2faeabaa', null, null, null);
INSERT INTO `user` VALUES ('126', '杜若芳', 'M', '马宁', '25769e78f3d4bdf5d373b3b3c2f46b5e', null, null, '1', '50', null, 'de5807281e7249fa1bcbb1a47e3de30b', null, null, null);
INSERT INTO `user` VALUES ('127', '杨乔松', 'M', 'zhangsana', 'sss', null, null, '1', '200', null, '', null, null, null);
INSERT INTO `user` VALUES ('128', '闫跃进', 'M', 'zhangsansa', 'sss', null, null, '1', '200', null, '', null, null, null);
INSERT INTO `user` VALUES ('129', '赖祥校', 'M', 'zhangsan2a', '3682a147ce4a1bcd9074347a7b2c762f', null, null, '1', '10', null, '3dbd9196b6d35e95675ef224fdd55d06', null, null, null);
INSERT INTO `user` VALUES ('130', '郭晖', 'M', 'zhangsansa1', '6c612b7a96394ee19e41a4539e1a1f86', null, null, '1', '10', null, '477844fff0beac28c465ebd96e2191a0', null, null, null);
INSERT INTO `user` VALUES ('131', '贺光明', 'M', 'zhangs1an2a', '0991d4e3c3bcdfacfc8f7b5518f9bab2', null, null, '1', '10', null, '46edcdeba9e635aba1e56018c66fc88e', null, null, null);
INSERT INTO `user` VALUES ('132', '邓小燕', 'M', 'zhang1sansa1', '74d8d8e622e1db5c7ed937dba4de7371', null, null, '1', '10', null, 'a6b4bcdc983a384e40ce2a47c19efc29', null, null, null);
INSERT INTO `user` VALUES ('134', '白莉惠', 'F', 'zh2ansgs1an2a', '96df5a7d543098e3aa5b232c7eea3947', null, null, '1', '10', null, 'e741776842f019029b0e6f28a07158ef', null, null, null);
INSERT INTO `user` VALUES ('136', '杨海霞', 'F', 'zh2angs1an2a', '1f3e028bb942d790f5ddb9987938b8f8', null, null, '1', '10', null, 'ace933c1885485ed5a5f43ffac3f7146', null, null, null);
INSERT INTO `user` VALUES ('137', '利旭日', 'M', 'zh2an2gs1an2a', '737c14b1c517c40eb906342002434b84', null, null, '1', '10', null, 'ef9dad910f07fa19e2fd24674c4c86c0', null, null, null);
INSERT INTO `user` VALUES ('140', '王思聪', 'M', 'wang', '0c026e817ff6c91b3440f081240f3cda', null, null, '1', '1', null, '440f1c654cc1895e25b3996fea778eae', null, null, null);
INSERT INTO `user` VALUES ('141', '许勤', 'M', 'wylx', 'c6625c06b29f1aa19eae6ad83f284efa', null, null, '1', '3000', null, 'f2963f5db7d4157f0c0ea0672d6a0c3d', null, null, null);
INSERT INTO `user` VALUES ('142', '123', 'M', '123', '54dc8c8dbe75cca424e4a0eaf5bc5ef1', null, null, '1', '3000', null, 'd58533716aa19386883894a80f826b78', null, null, null);
INSERT INTO `user` VALUES ('143', 'NWPU-FSC', 'M', 'admini', 'cc7c1c81302d75f0520d051ef3290dbf', 'examp@ex.com', '110', '1', '3000', null, 'd200bb186b88621eccd0a9f386ec6ce0', '美国加州圣地亚哥', '常青藤博士后', '# 哈哈\r\n## 哈哈');
INSERT INTO `user` VALUES ('144', 'bfhfh', 'M', 'a123456', '0fb28828cea49003a11f007fa038a68b', null, null, '1', '50', null, 'a13e5f09da9b4d86c4a3571390d311d7', null, null, null);
INSERT INTO `user` VALUES ('145', 'zhaosiyang', 'M', 'woshichaoren', '87312c7c1c6e03bfa49bd394ef779704', null, null, '1', '1', null, '97ef69896f474213b26aff485ac23949', null, null, null);
INSERT INTO `user` VALUES ('146', 'ghjj', 'M', 'a1234567', '300d6e79f0ee073d88005acf2849747f', null, null, '1', '50', null, '608f678ea1f96872a955cc014b50055b', null, null, null);

-- ----------------------------
-- Table structure for user_status
-- ----------------------------
DROP TABLE IF EXISTS `user_status`;
CREATE TABLE `user_status` (
  `id` tinyint(6) NOT NULL,
  `name` varchar(40) NOT NULL,
  PRIMARY KEY (`id`)
) ENGINE=InnoDB DEFAULT CHARSET=utf8mb4;

-- ----------------------------
-- Records of user_status
-- ----------------------------
INSERT INTO `user_status` VALUES ('1', '活动');
INSERT INTO `user_status` VALUES ('2', '禁用');

-- ----------------------------
-- View structure for homework_date_list_view
-- ----------------------------
DROP VIEW IF EXISTS `homework_date_list_view`;
CREATE ALGORITHM=UNDEFINED DEFINER=`fsc`@`%` SQL SECURITY DEFINER VIEW `homework_date_list_view` AS select `student`.`id` AS `student_id`,`homework`.`date` AS `date` from (((`user` `student` join `student_class` on((`student_class`.`student_id` = `student`.`id`))) join `homework_class` on((`homework_class`.`class_id` = `student_class`.`class_id`))) join `homework` on((`homework_class`.`homework_id` = `homework`.`id`))) ;

-- ----------------------------
-- View structure for leader_parent_view
-- ----------------------------
DROP VIEW IF EXISTS `leader_parent_view`;
CREATE ALGORITHM=UNDEFINED DEFINER=`fsc`@`%` SQL SECURITY DEFINER VIEW `leader_parent_view` AS select distinct `student_leader_view`.`id` AS `teacher_id`,`student_leader_view`.`name` AS `teacher_name`,`student_leader_view`.`student_id` AS `student_id`,`parent`.`id` AS `id`,`parent`.`name` AS `name` from ((`student_leader_view` join `parent_student` on((`student_leader_view`.`student_id` = `parent_student`.`student_id`))) join `user` `parent` on((`parent_student`.`parent_id` = `parent`.`id`))) ;

-- ----------------------------
-- View structure for leader_parents_view
-- ----------------------------
DROP VIEW IF EXISTS `leader_parents_view`;
CREATE ALGORITHM=UNDEFINED DEFINER=`fsc`@`%` SQL SECURITY DEFINER VIEW `leader_parents_view` AS select `student_leader_view`.`id` AS `teacher_id`,`student_leader_view`.`name` AS `teacher_name`,`parent_student`.`relation_id` AS `relation_id`,`parent_student`.`status` AS `status`,`parent`.`id` AS `parent_id`,`parent`.`name` AS `parent_name`,`parent`.`username` AS `parent_username`,`relation_status`.`name` AS `relation_status_name`,`relation_type`.`name` AS `relation_type_name`,`student_leader_view`.`student_name` AS `student_name`,`student_leader_view`.`student_id` AS `student_id` from ((((`student_leader_view` join `parent_student` on((`student_leader_view`.`student_id` = `parent_student`.`student_id`))) join `user` `parent` on((`parent_student`.`parent_id` = `parent`.`id`))) join `relation_status` on((`parent_student`.`status` = `relation_status`.`id`))) join `relation_type` on((`parent_student`.`relation_id` = `relation_type`.`id`))) ;

-- ----------------------------
-- View structure for student_leader_view
-- ----------------------------
DROP VIEW IF EXISTS `student_leader_view`;
CREATE ALGORITHM=UNDEFINED DEFINER=`fsc`@`%` SQL SECURITY DEFINER VIEW `student_leader_view` AS select distinct `teacher`.`id` AS `id`,`teacher`.`name` AS `name`,`student`.`id` AS `student_id`,`student`.`name` AS `student_name` from (((`student_class` join `class` on((`student_class`.`class_id` = `class`.`id`))) join `user` `student` on((`student_class`.`student_id` = `student`.`id`))) join `user` `teacher` on((`class`.`leader` = `teacher`.`id`))) ;

-- ----------------------------
-- View structure for student_teacher_view
-- ----------------------------
DROP VIEW IF EXISTS `student_teacher_view`;
CREATE ALGORITHM=UNDEFINED DEFINER=`fsc`@`%` SQL SECURITY DEFINER VIEW `student_teacher_view` AS select distinct `USER`.`name` AS `NAME`,`USER`.`id` AS `id`,`Student_class`.`student_id` AS `student_id` from ((`student_class` `Student_class` join `teacher_class_course` `Teacher_class_course` on((`Student_class`.`class_id` = `Teacher_class_course`.`class_id`))) join `user` `USER` on((`Teacher_class_course`.`teacher_id` = `USER`.`id`))) where (`Student_class`.`student_id` = 82) ;

-- ----------------------------
-- View structure for teacher_parent_view
-- ----------------------------
DROP VIEW IF EXISTS `teacher_parent_view`;
CREATE ALGORITHM=UNDEFINED DEFINER=`fsc`@`%` SQL SECURITY DEFINER VIEW `teacher_parent_view` AS select distinct `USER`.`id` AS `id`,`USER`.`name` AS `name`,`teacher_class_course`.`teacher_id` AS `teacher_id` from (((`teacher_class_course` join `student_class` `Student_class` on((`teacher_class_course`.`class_id` = `Student_class`.`class_id`))) join `parent_student` `Parent_student` on((`Student_class`.`student_id` = `Parent_student`.`student_id`))) join `user` `USER` on((`Parent_student`.`parent_id` = `USER`.`id`))) ;

-- ----------------------------
-- View structure for view_parent_studnet
-- ----------------------------
DROP VIEW IF EXISTS `view_parent_studnet`;
CREATE ALGORITHM=UNDEFINED DEFINER=`fsc`@`%` SQL SECURITY DEFINER VIEW `view_parent_studnet` AS select `parent_student`.`parent_id` AS `parent_id`,`parent_student`.`relation_id` AS `relation_id`,`parent`.`name` AS `parent_name`,`parent_student`.`student_id` AS `student_id`,`student`.`name` AS `student_name`,`relation_type`.`name` AS `relation_name` from (((`parent_student` join `user` `parent` on((`parent_student`.`parent_id` = `parent`.`id`))) join `user` `student` on((`parent_student`.`student_id` = `student`.`id`))) join `relation_type` on((`parent_student`.`relation_id` = `relation_type`.`id`))) ;
